--------------------------------------------------------
--  File created - Monday-August-01-2022   
--------------------------------------------------------
--------------------------------------------------------
--  DDL for Sequence AMI_SEQ
--------------------------------------------------------

   CREATE SEQUENCE  "SIAMI"."AMI_SEQ"  MINVALUE 1 MAXVALUE 9999999999999999999999999999 INCREMENT BY 1 START WITH 42 CACHE 20 NOORDER  NOCYCLE ;
--------------------------------------------------------
--  DDL for Sequence AREA_SEQ
--------------------------------------------------------

   CREATE SEQUENCE  "SIAMI"."AREA_SEQ"  MINVALUE 1 MAXVALUE 9999999999999999999999999999 INCREMENT BY 1 START WITH 69 CACHE 20 NOORDER  NOCYCLE ;
--------------------------------------------------------
--  DDL for Sequence AUDITOR_SEQ
--------------------------------------------------------

   CREATE SEQUENCE  "SIAMI"."AUDITOR_SEQ"  MINVALUE 1 MAXVALUE 9999999999999999999999999999 INCREMENT BY 1 START WITH 1 CACHE 20 NOORDER  NOCYCLE ;
--------------------------------------------------------
--  DDL for Sequence CHECKLIST_AUDITOR_SEQ
--------------------------------------------------------

   CREATE SEQUENCE  "SIAMI"."CHECKLIST_AUDITOR_SEQ"  MINVALUE 1 MAXVALUE 9999999999999999999999999999 INCREMENT BY 1 START WITH 221 CACHE 20 NOORDER  NOCYCLE ;
--------------------------------------------------------
--  DDL for Sequence CHECKLIST_HAS_KRITERIA_SEQ
--------------------------------------------------------

   CREATE SEQUENCE  "SIAMI"."CHECKLIST_HAS_KRITERIA_SEQ"  MINVALUE 1 MAXVALUE 9999999999999999999999999999 INCREMENT BY 1 START WITH 155 CACHE 20 NOORDER  NOCYCLE ;
--------------------------------------------------------
--  DDL for Sequence CHECKLIST_SEQ
--------------------------------------------------------

   CREATE SEQUENCE  "SIAMI"."CHECKLIST_SEQ"  MINVALUE 1 MAXVALUE 9999999999999999999999999999 INCREMENT BY 1 START WITH 139 CACHE 20 NOORDER  NOCYCLE ;
--------------------------------------------------------
--  DDL for Sequence KRITERIA_SEQ
--------------------------------------------------------

   CREATE SEQUENCE  "SIAMI"."KRITERIA_SEQ"  MINVALUE 1 MAXVALUE 9999999999999999999999999999 INCREMENT BY 1 START WITH 102 CACHE 20 NOORDER  NOCYCLE ;
--------------------------------------------------------
--  DDL for Sequence ROLE_SEQ
--------------------------------------------------------

   CREATE SEQUENCE  "SIAMI"."ROLE_SEQ"  MINVALUE 1 MAXVALUE 9999999999999999999999999999 INCREMENT BY 1 START WITH 22 CACHE 20 NOORDER  NOCYCLE ;
--------------------------------------------------------
--  DDL for Sequence SPM_SEQ
--------------------------------------------------------

   CREATE SEQUENCE  "SIAMI"."SPM_SEQ"  MINVALUE 1 MAXVALUE 9999999999999999999999999999 INCREMENT BY 1 START WITH 1 CACHE 20 NOORDER  NOCYCLE ;
--------------------------------------------------------
--  DDL for Sequence STANDAR_SEQ
--------------------------------------------------------

   CREATE SEQUENCE  "SIAMI"."STANDAR_SEQ"  MINVALUE 1 MAXVALUE 9999999999999999999999999999 INCREMENT BY 1 START WITH 76 CACHE 20 NOORDER  NOCYCLE ;
--------------------------------------------------------
--  DDL for Sequence STATUS_SEQ
--------------------------------------------------------

   CREATE SEQUENCE  "SIAMI"."STATUS_SEQ"  MINVALUE 1 MAXVALUE 9999999999999999999999999999 INCREMENT BY 1 START WITH 7 CACHE 20 NOORDER  NOCYCLE ;
--------------------------------------------------------
--  DDL for Sequence USER_DETAILS_SEQ
--------------------------------------------------------

   CREATE SEQUENCE  "SIAMI"."USER_DETAILS_SEQ"  MINVALUE 1 MAXVALUE 9999999999999999999999999999 INCREMENT BY 1 START WITH 162 CACHE 20 NOORDER  NOCYCLE ;
--------------------------------------------------------
--  DDL for Table AMI
--------------------------------------------------------

  CREATE TABLE "SIAMI"."AMI" 
   (	"ID" NUMBER, 
	"SPM_ID" NUMBER, 
	"TAHUN" VARCHAR2(20 BYTE), 
	"CREATED_AT" TIMESTAMP (6) WITH LOCAL TIME ZONE DEFAULT current_timestamp, 
	"UPDATED_AT" TIMESTAMP (6) WITH LOCAL TIME ZONE DEFAULT current_timestamp, 
	"AUDIT_MULAI" VARCHAR2(20 BYTE), 
	"AUDIT_SELESAI" VARCHAR2(20 BYTE), 
	"RTM_MULAI" VARCHAR2(20 BYTE), 
	"RTM_SELESAI" VARCHAR2(20 BYTE)
   ) SEGMENT CREATION IMMEDIATE 
  PCTFREE 10 PCTUSED 40 INITRANS 1 MAXTRANS 255 NOCOMPRESS LOGGING
  STORAGE(INITIAL 65536 NEXT 1048576 MINEXTENTS 1 MAXEXTENTS 2147483645
  PCTINCREASE 0 FREELISTS 1 FREELIST GROUPS 1 BUFFER_POOL DEFAULT FLASH_CACHE DEFAULT CELL_FLASH_CACHE DEFAULT)
  TABLESPACE "USERS" ;
--------------------------------------------------------
--  DDL for Table AREA
--------------------------------------------------------

  CREATE TABLE "SIAMI"."AREA" 
   (	"ID" NUMBER, 
	"NAMA" VARCHAR2(225 BYTE), 
	"JURUSAN" VARCHAR2(225 BYTE), 
	"IS_PRODI" VARCHAR2(20 BYTE) DEFAULT 0, 
	"CREATED_AT" TIMESTAMP (6) DEFAULT CURRENT_TIMESTAMP, 
	"UPDATED_AT" TIMESTAMP (6) DEFAULT CURRENT_TIMESTAMP
   ) SEGMENT CREATION IMMEDIATE 
  PCTFREE 10 PCTUSED 40 INITRANS 1 MAXTRANS 255 NOCOMPRESS LOGGING
  STORAGE(INITIAL 65536 NEXT 1048576 MINEXTENTS 1 MAXEXTENTS 2147483645
  PCTINCREASE 0 FREELISTS 1 FREELIST GROUPS 1 BUFFER_POOL DEFAULT FLASH_CACHE DEFAULT CELL_FLASH_CACHE DEFAULT)
  TABLESPACE "USERS" ;
--------------------------------------------------------
--  DDL for Table AUDITEE
--------------------------------------------------------

  CREATE TABLE "SIAMI"."AUDITEE" 
   (	"USER_ID" NUMBER, 
	"USER_TYPE" NUMBER, 
	"CREATED_AT" TIMESTAMP (6) WITH LOCAL TIME ZONE DEFAULT current_timestamp, 
	"UPDATED_AT" TIMESTAMP (6) WITH LOCAL TIME ZONE DEFAULT current_timestamp
   ) SEGMENT CREATION IMMEDIATE 
  PCTFREE 10 PCTUSED 40 INITRANS 1 MAXTRANS 255 NOCOMPRESS LOGGING
  STORAGE(INITIAL 65536 NEXT 1048576 MINEXTENTS 1 MAXEXTENTS 2147483645
  PCTINCREASE 0 FREELISTS 1 FREELIST GROUPS 1 BUFFER_POOL DEFAULT FLASH_CACHE DEFAULT CELL_FLASH_CACHE DEFAULT)
  TABLESPACE "USERS" ;
--------------------------------------------------------
--  DDL for Table AUDITOR
--------------------------------------------------------

  CREATE TABLE "SIAMI"."AUDITOR" 
   (	"USER_ID" NUMBER, 
	"USER_TYPE" NUMBER, 
	"CREATED_AT" TIMESTAMP (6) WITH LOCAL TIME ZONE DEFAULT current_timestamp, 
	"UPDATED_AT" TIMESTAMP (6) WITH LOCAL TIME ZONE DEFAULT current_timestamp
   ) SEGMENT CREATION IMMEDIATE 
  PCTFREE 10 PCTUSED 40 INITRANS 1 MAXTRANS 255 NOCOMPRESS LOGGING
  STORAGE(INITIAL 65536 NEXT 1048576 MINEXTENTS 1 MAXEXTENTS 2147483645
  PCTINCREASE 0 FREELISTS 1 FREELIST GROUPS 1 BUFFER_POOL DEFAULT FLASH_CACHE DEFAULT CELL_FLASH_CACHE DEFAULT)
  TABLESPACE "USERS" ;
--------------------------------------------------------
--  DDL for Table CHECKLIST
--------------------------------------------------------

  CREATE TABLE "SIAMI"."CHECKLIST" 
   (	"ID" NUMBER, 
	"AMI_ID" NUMBER, 
	"STATUS_ID" NUMBER, 
	"AREA_ID" NUMBER, 
	"AUDITEE_ID" NUMBER, 
	"AUDITEE2_ID" NUMBER, 
	"TGL_TERBIT" VARCHAR2(20 BYTE), 
	"NO_IDENTIFIKASI" VARCHAR2(20 BYTE), 
	"NO_REVISI" VARCHAR2(20 BYTE), 
	"SARAN" VARCHAR2(225 BYTE), 
	"CREATED_AT" TIMESTAMP (6) WITH LOCAL TIME ZONE DEFAULT current_timestamp, 
	"UPDATED_AT" TIMESTAMP (6) WITH LOCAL TIME ZONE DEFAULT current_timestamp, 
	"WAKTU_AUDIT" VARCHAR2(20 BYTE)
   ) SEGMENT CREATION IMMEDIATE 
  PCTFREE 10 PCTUSED 40 INITRANS 1 MAXTRANS 255 NOCOMPRESS LOGGING
  STORAGE(INITIAL 65536 NEXT 1048576 MINEXTENTS 1 MAXEXTENTS 2147483645
  PCTINCREASE 0 FREELISTS 1 FREELIST GROUPS 1 BUFFER_POOL DEFAULT FLASH_CACHE DEFAULT CELL_FLASH_CACHE DEFAULT)
  TABLESPACE "USERS" ;
--------------------------------------------------------
--  DDL for Table CHECKLIST_AUDITOR
--------------------------------------------------------

  CREATE TABLE "SIAMI"."CHECKLIST_AUDITOR" 
   (	"ID" NUMBER, 
	"CHECKLIST_KRITERIA_ID" NUMBER, 
	"AUDITOR_ID" NUMBER, 
	"KET_AUDITOR" VARCHAR2(500 BYTE), 
	"NILAI" VARCHAR2(20 BYTE), 
	"CREATED_AT" TIMESTAMP (6) DEFAULT CURRENT_TIMESTAMP, 
	"UPDATED_AT" TIMESTAMP (6) DEFAULT CURRENT_TIMESTAMP
   ) SEGMENT CREATION IMMEDIATE 
  PCTFREE 10 PCTUSED 40 INITRANS 1 MAXTRANS 255 NOCOMPRESS LOGGING
  STORAGE(INITIAL 65536 NEXT 1048576 MINEXTENTS 1 MAXEXTENTS 2147483645
  PCTINCREASE 0 FREELISTS 1 FREELIST GROUPS 1 BUFFER_POOL DEFAULT FLASH_CACHE DEFAULT CELL_FLASH_CACHE DEFAULT)
  TABLESPACE "USERS" ;
--------------------------------------------------------
--  DDL for Table CHECKLIST_HAS_KRITERIA
--------------------------------------------------------

  CREATE TABLE "SIAMI"."CHECKLIST_HAS_KRITERIA" 
   (	"ID" NUMBER, 
	"CHECKLIST_ID" NUMBER, 
	"KRITERIA_ID" NUMBER, 
	"KET_AUDITEE" LONG, 
	"DATA_PENDUKUNG" VARCHAR2(100 BYTE), 
	"NILAI_AKHIR" VARCHAR2(20 BYTE), 
	"TINDAK_LANJUT" VARCHAR2(225 BYTE), 
	"TINJAUAN_EFEKTIVITAS" VARCHAR2(225 BYTE), 
	"CREATED_AT" TIMESTAMP (6) WITH LOCAL TIME ZONE DEFAULT current_timestamp, 
	"UPDATED_AT" TIMESTAMP (6) WITH LOCAL TIME ZONE DEFAULT current_timestamp, 
	"KETIDAKSESUAIAN" VARCHAR2(225 BYTE), 
	"TIDAK_SESUAI" VARCHAR2(20 BYTE)
   ) SEGMENT CREATION IMMEDIATE 
  PCTFREE 10 PCTUSED 40 INITRANS 1 MAXTRANS 255 NOCOMPRESS LOGGING
  STORAGE(INITIAL 65536 NEXT 1048576 MINEXTENTS 1 MAXEXTENTS 2147483645
  PCTINCREASE 0 FREELISTS 1 FREELIST GROUPS 1 BUFFER_POOL DEFAULT FLASH_CACHE DEFAULT CELL_FLASH_CACHE DEFAULT)
  TABLESPACE "USERS" ;
--------------------------------------------------------
--  DDL for Table KRITERIA
--------------------------------------------------------

  CREATE TABLE "SIAMI"."KRITERIA" 
   (	"ID" NUMBER, 
	"STANDAR_ID" NUMBER, 
	"KODE" VARCHAR2(20 BYTE), 
	"KRITERIA" LONG, 
	"KET_NILAI" VARCHAR2(500 BYTE), 
	"CATATAN" VARCHAR2(500 BYTE), 
	"CREATED_AT" TIMESTAMP (6) WITH LOCAL TIME ZONE DEFAULT current_timestamp, 
	"UPDATED_AT" TIMESTAMP (6) WITH LOCAL TIME ZONE DEFAULT current_timestamp, 
	"TAHUN" VARCHAR2(6 BYTE)
   ) SEGMENT CREATION IMMEDIATE 
  PCTFREE 10 PCTUSED 40 INITRANS 1 MAXTRANS 255 NOCOMPRESS LOGGING
  STORAGE(INITIAL 65536 NEXT 1048576 MINEXTENTS 1 MAXEXTENTS 2147483645
  PCTINCREASE 0 FREELISTS 1 FREELIST GROUPS 1 BUFFER_POOL DEFAULT FLASH_CACHE DEFAULT CELL_FLASH_CACHE DEFAULT)
  TABLESPACE "USERS" ;
--------------------------------------------------------
--  DDL for Table ROLE
--------------------------------------------------------

  CREATE TABLE "SIAMI"."ROLE" 
   (	"ID" NUMBER, 
	"ROLE" VARCHAR2(225 BYTE), 
	"DESKRIPSI" VARCHAR2(225 BYTE), 
	"CREATED_AT" TIMESTAMP (6) WITH LOCAL TIME ZONE DEFAULT current_timestamp, 
	"UPDATED_AT" TIMESTAMP (6) WITH LOCAL TIME ZONE DEFAULT current_timestamp
   ) SEGMENT CREATION IMMEDIATE 
  PCTFREE 10 PCTUSED 40 INITRANS 1 MAXTRANS 255 NOCOMPRESS LOGGING
  STORAGE(INITIAL 65536 NEXT 1048576 MINEXTENTS 1 MAXEXTENTS 2147483645
  PCTINCREASE 0 FREELISTS 1 FREELIST GROUPS 1 BUFFER_POOL DEFAULT FLASH_CACHE DEFAULT CELL_FLASH_CACHE DEFAULT)
  TABLESPACE "USERS" ;
--------------------------------------------------------
--  DDL for Table SPM
--------------------------------------------------------

  CREATE TABLE "SIAMI"."SPM" 
   (	"USER_ID" NUMBER, 
	"USER_TYPE" NUMBER, 
	"CREATED_AT" TIMESTAMP (6) WITH LOCAL TIME ZONE DEFAULT current_timestamp, 
	"UPDATED_AT" TIMESTAMP (6) WITH LOCAL TIME ZONE DEFAULT current_timestamp
   ) SEGMENT CREATION IMMEDIATE 
  PCTFREE 10 PCTUSED 40 INITRANS 1 MAXTRANS 255 NOCOMPRESS LOGGING
  STORAGE(INITIAL 65536 NEXT 1048576 MINEXTENTS 1 MAXEXTENTS 2147483645
  PCTINCREASE 0 FREELISTS 1 FREELIST GROUPS 1 BUFFER_POOL DEFAULT FLASH_CACHE DEFAULT CELL_FLASH_CACHE DEFAULT)
  TABLESPACE "USERS" ;
--------------------------------------------------------
--  DDL for Table STANDAR
--------------------------------------------------------

  CREATE TABLE "SIAMI"."STANDAR" 
   (	"ID" NUMBER, 
	"KODE" VARCHAR2(225 BYTE), 
	"STANDAR" VARCHAR2(225 BYTE), 
	"CREATED_AT" TIMESTAMP (6) WITH LOCAL TIME ZONE DEFAULT current_timestamp, 
	"UPDATED_AT" TIMESTAMP (6) WITH LOCAL TIME ZONE DEFAULT current_timestamp, 
	"TAHUN" VARCHAR2(6 BYTE)
   ) SEGMENT CREATION IMMEDIATE 
  PCTFREE 10 PCTUSED 40 INITRANS 1 MAXTRANS 255 NOCOMPRESS LOGGING
  STORAGE(INITIAL 65536 NEXT 1048576 MINEXTENTS 1 MAXEXTENTS 2147483645
  PCTINCREASE 0 FREELISTS 1 FREELIST GROUPS 1 BUFFER_POOL DEFAULT FLASH_CACHE DEFAULT CELL_FLASH_CACHE DEFAULT)
  TABLESPACE "USERS" ;
--------------------------------------------------------
--  DDL for Table STATUS
--------------------------------------------------------

  CREATE TABLE "SIAMI"."STATUS" 
   (	"ID" NUMBER, 
	"STATUS" VARCHAR2(225 BYTE), 
	"CREATED_AT" TIMESTAMP (6) WITH LOCAL TIME ZONE DEFAULT current_timestamp, 
	"UPDATED_AT" TIMESTAMP (6) WITH LOCAL TIME ZONE DEFAULT current_timestamp
   ) SEGMENT CREATION IMMEDIATE 
  PCTFREE 10 PCTUSED 40 INITRANS 1 MAXTRANS 255 NOCOMPRESS LOGGING
  STORAGE(INITIAL 65536 NEXT 1048576 MINEXTENTS 1 MAXEXTENTS 2147483645
  PCTINCREASE 0 FREELISTS 1 FREELIST GROUPS 1 BUFFER_POOL DEFAULT FLASH_CACHE DEFAULT CELL_FLASH_CACHE DEFAULT)
  TABLESPACE "USERS" ;
--------------------------------------------------------
--  DDL for Table USER_DETAILS
--------------------------------------------------------

  CREATE TABLE "SIAMI"."USER_DETAILS" 
   (	"ID" NUMBER, 
	"NET_ID" VARCHAR2(50 BYTE), 
	"ROLE_ID" NUMBER, 
	"AREA_ID" NUMBER, 
	"TELP" VARCHAR2(255 BYTE), 
	"JABATAN" VARCHAR2(255 BYTE), 
	"TAHUN" VARCHAR2(255 BYTE), 
	"CREATED_AT" TIMESTAMP (6) WITH LOCAL TIME ZONE DEFAULT current_timestamp, 
	"UPDATED_AT" TIMESTAMP (6) WITH LOCAL TIME ZONE DEFAULT current_timestamp, 
	"USER_TYPE" NUMBER
   ) SEGMENT CREATION IMMEDIATE 
  PCTFREE 10 PCTUSED 40 INITRANS 1 MAXTRANS 255 NOCOMPRESS LOGGING
  STORAGE(INITIAL 65536 NEXT 1048576 MINEXTENTS 1 MAXEXTENTS 2147483645
  PCTINCREASE 0 FREELISTS 1 FREELIST GROUPS 1 BUFFER_POOL DEFAULT FLASH_CACHE DEFAULT CELL_FLASH_CACHE DEFAULT)
  TABLESPACE "USERS" ;
REM INSERTING into SIAMI.AMI
SET DEFINE OFF;
Insert into SIAMI.AMI (ID,SPM_ID,TAHUN,CREATED_AT,UPDATED_AT,AUDIT_MULAI,AUDIT_SELESAI,RTM_MULAI,RTM_SELESAI) values ('36','151','2021',to_timestamp('07-07-2022 06.27.05,249000000','DD-MM-RRRR HH24.MI.SSXFF'),to_timestamp('07-07-2022 06.27.05,249000000','DD-MM-RRRR HH24.MI.SSXFF'),'2021-10-06','2021-11-18','2021-12-03','2021-12-23');
Insert into SIAMI.AMI (ID,SPM_ID,TAHUN,CREATED_AT,UPDATED_AT,AUDIT_MULAI,AUDIT_SELESAI,RTM_MULAI,RTM_SELESAI) values ('40','50','2022',to_timestamp('13-07-2022 07.36.14,178000000','DD-MM-RRRR HH24.MI.SSXFF'),to_timestamp('13-07-2022 07.36.14,178000000','DD-MM-RRRR HH24.MI.SSXFF'),'2022-07-12','2022-07-14','2022-07-21','2022-07-22');
REM INSERTING into SIAMI.AREA
SET DEFINE OFF;
Insert into SIAMI.AREA (ID,NAMA,JURUSAN,IS_PRODI,CREATED_AT,UPDATED_AT) values ('1','D3PJJ AK','Teknik Informatika','1',to_timestamp('05-07-2022 17.31.23,797000000','DD-MM-RRRR HH24.MI.SSXFF'),to_timestamp('05-07-2022 17.31.23,821000000','DD-MM-RRRR HH24.MI.SSXFF'));
Insert into SIAMI.AREA (ID,NAMA,JURUSAN,IS_PRODI,CREATED_AT,UPDATED_AT) values ('2','D3PJJ CC','Teknik Informatika','1',to_timestamp('05-07-2022 17.31.23,797000000','DD-MM-RRRR HH24.MI.SSXFF'),to_timestamp('05-07-2022 17.31.23,821000000','DD-MM-RRRR HH24.MI.SSXFF'));
Insert into SIAMI.AREA (ID,NAMA,JURUSAN,IS_PRODI,CREATED_AT,UPDATED_AT) values ('3','D3','Multimedia Broadcasting','1',to_timestamp('05-07-2022 17.31.23,797000000','DD-MM-RRRR HH24.MI.SSXFF'),to_timestamp('05-07-2022 17.31.23,821000000','DD-MM-RRRR HH24.MI.SSXFF'));
Insert into SIAMI.AREA (ID,NAMA,JURUSAN,IS_PRODI,CREATED_AT,UPDATED_AT) values ('4','D4LJ','Teknik Elektronika','1',to_timestamp('05-07-2022 17.31.23,797000000','DD-MM-RRRR HH24.MI.SSXFF'),to_timestamp('05-07-2022 17.31.23,821000000','DD-MM-RRRR HH24.MI.SSXFF'));
Insert into SIAMI.AREA (ID,NAMA,JURUSAN,IS_PRODI,CREATED_AT,UPDATED_AT) values ('5','D4','Teknik Elektronika','1',to_timestamp('05-07-2022 17.31.23,797000000','DD-MM-RRRR HH24.MI.SSXFF'),to_timestamp('05-07-2022 17.31.23,821000000','DD-MM-RRRR HH24.MI.SSXFF'));
Insert into SIAMI.AREA (ID,NAMA,JURUSAN,IS_PRODI,CREATED_AT,UPDATED_AT) values ('6','D4PJJ','Teknik Telekomunikasi','1',to_timestamp('05-07-2022 17.31.23,797000000','DD-MM-RRRR HH24.MI.SSXFF'),to_timestamp('05-07-2022 17.31.23,821000000','DD-MM-RRRR HH24.MI.SSXFF'));
Insert into SIAMI.AREA (ID,NAMA,JURUSAN,IS_PRODI,CREATED_AT,UPDATED_AT) values ('7','D3','Teknik Telekomunikasi','1',to_timestamp('05-07-2022 17.31.23,797000000','DD-MM-RRRR HH24.MI.SSXFF'),to_timestamp('05-07-2022 17.31.23,821000000','DD-MM-RRRR HH24.MI.SSXFF'));
Insert into SIAMI.AREA (ID,NAMA,JURUSAN,IS_PRODI,CREATED_AT,UPDATED_AT) values ('8','D3PJJ','Teknik Informatika','1',to_timestamp('05-07-2022 17.31.23,797000000','DD-MM-RRRR HH24.MI.SSXFF'),to_timestamp('05-07-2022 17.31.23,821000000','DD-MM-RRRR HH24.MI.SSXFF'));
Insert into SIAMI.AREA (ID,NAMA,JURUSAN,IS_PRODI,CREATED_AT,UPDATED_AT) values ('9','D3PSDKU-SM','Multimedia Broadcasting','1',to_timestamp('05-07-2022 17.31.23,797000000','DD-MM-RRRR HH24.MI.SSXFF'),to_timestamp('05-07-2022 17.31.23,821000000','DD-MM-RRRR HH24.MI.SSXFF'));
Insert into SIAMI.AREA (ID,NAMA,JURUSAN,IS_PRODI,CREATED_AT,UPDATED_AT) values ('10','D1','Teknik Elektronika','1',to_timestamp('05-07-2022 17.31.23,797000000','DD-MM-RRRR HH24.MI.SSXFF'),to_timestamp('05-07-2022 17.31.23,821000000','DD-MM-RRRR HH24.MI.SSXFF'));
Insert into SIAMI.AREA (ID,NAMA,JURUSAN,IS_PRODI,CREATED_AT,UPDATED_AT) values ('11','D4','Teknik Telekomunikasi','1',to_timestamp('05-07-2022 17.31.23,797000000','DD-MM-RRRR HH24.MI.SSXFF'),to_timestamp('05-07-2022 17.31.23,821000000','DD-MM-RRRR HH24.MI.SSXFF'));
Insert into SIAMI.AREA (ID,NAMA,JURUSAN,IS_PRODI,CREATED_AT,UPDATED_AT) values ('12','D4LJ','Teknik Elektro Industri','1',to_timestamp('05-07-2022 17.31.23,797000000','DD-MM-RRRR HH24.MI.SSXFF'),to_timestamp('05-07-2022 17.31.23,821000000','DD-MM-RRRR HH24.MI.SSXFF'));
Insert into SIAMI.AREA (ID,NAMA,JURUSAN,IS_PRODI,CREATED_AT,UPDATED_AT) values ('13','D3PSDKU-LA','Teknik Informatika','1',to_timestamp('05-07-2022 17.31.23,797000000','DD-MM-RRRR HH24.MI.SSXFF'),to_timestamp('05-07-2022 17.31.23,821000000','DD-MM-RRRR HH24.MI.SSXFF'));
Insert into SIAMI.AREA (ID,NAMA,JURUSAN,IS_PRODI,CREATED_AT,UPDATED_AT) values ('14','D1','Teknik Mekatronika','1',to_timestamp('05-07-2022 17.31.23,797000000','DD-MM-RRRR HH24.MI.SSXFF'),to_timestamp('05-07-2022 17.31.23,821000000','DD-MM-RRRR HH24.MI.SSXFF'));
Insert into SIAMI.AREA (ID,NAMA,JURUSAN,IS_PRODI,CREATED_AT,UPDATED_AT) values ('15','D4','Teknologi Game','1',to_timestamp('05-07-2022 17.31.23,797000000','DD-MM-RRRR HH24.MI.SSXFF'),to_timestamp('05-07-2022 17.31.23,821000000','DD-MM-RRRR HH24.MI.SSXFF'));
Insert into SIAMI.AREA (ID,NAMA,JURUSAN,IS_PRODI,CREATED_AT,UPDATED_AT) values ('16','D4','Sains Data Terapan','1',to_timestamp('05-07-2022 17.31.23,797000000','DD-MM-RRRR HH24.MI.SSXFF'),to_timestamp('05-07-2022 17.31.23,821000000','DD-MM-RRRR HH24.MI.SSXFF'));
Insert into SIAMI.AREA (ID,NAMA,JURUSAN,IS_PRODI,CREATED_AT,UPDATED_AT) values ('17','D4LJPJJ','Teknik Telekomunikasi','1',to_timestamp('05-07-2022 17.31.23,797000000','DD-MM-RRRR HH24.MI.SSXFF'),to_timestamp('05-07-2022 17.31.23,821000000','DD-MM-RRRR HH24.MI.SSXFF'));
Insert into SIAMI.AREA (ID,NAMA,JURUSAN,IS_PRODI,CREATED_AT,UPDATED_AT) values ('18','D4LJPJJ','Teknik Elektro Industri','1',to_timestamp('05-07-2022 17.31.23,797000000','DD-MM-RRRR HH24.MI.SSXFF'),to_timestamp('05-07-2022 17.31.23,821000000','DD-MM-RRRR HH24.MI.SSXFF'));
Insert into SIAMI.AREA (ID,NAMA,JURUSAN,IS_PRODI,CREATED_AT,UPDATED_AT) values ('19','D4','Teknik Informatika','1',to_timestamp('05-07-2022 17.31.23,797000000','DD-MM-RRRR HH24.MI.SSXFF'),to_timestamp('05-07-2022 17.31.23,821000000','DD-MM-RRRR HH24.MI.SSXFF'));
Insert into SIAMI.AREA (ID,NAMA,JURUSAN,IS_PRODI,CREATED_AT,UPDATED_AT) values ('20','D3','Teknik Informatika','1',to_timestamp('05-07-2022 17.31.23,797000000','DD-MM-RRRR HH24.MI.SSXFF'),to_timestamp('05-07-2022 17.31.23,821000000','DD-MM-RRRR HH24.MI.SSXFF'));
Insert into SIAMI.AREA (ID,NAMA,JURUSAN,IS_PRODI,CREATED_AT,UPDATED_AT) values ('21','D4','Teknik Komputer','1',to_timestamp('05-07-2022 17.31.23,797000000','DD-MM-RRRR HH24.MI.SSXFF'),to_timestamp('05-07-2022 17.31.23,821000000','DD-MM-RRRR HH24.MI.SSXFF'));
Insert into SIAMI.AREA (ID,NAMA,JURUSAN,IS_PRODI,CREATED_AT,UPDATED_AT) values ('22','S2','Teknik Elektronika','1',to_timestamp('05-07-2022 17.31.23,797000000','DD-MM-RRRR HH24.MI.SSXFF'),to_timestamp('05-07-2022 17.31.23,821000000','DD-MM-RRRR HH24.MI.SSXFF'));
Insert into SIAMI.AREA (ID,NAMA,JURUSAN,IS_PRODI,CREATED_AT,UPDATED_AT) values ('23','D4','Teknik Elektro Industri','1',to_timestamp('05-07-2022 17.31.23,797000000','DD-MM-RRRR HH24.MI.SSXFF'),to_timestamp('05-07-2022 17.31.23,821000000','DD-MM-RRRR HH24.MI.SSXFF'));
Insert into SIAMI.AREA (ID,NAMA,JURUSAN,IS_PRODI,CREATED_AT,UPDATED_AT) values ('24','D4LJPJJ','Teknik Informatika','1',to_timestamp('05-07-2022 17.31.23,797000000','DD-MM-RRRR HH24.MI.SSXFF'),to_timestamp('05-07-2022 17.31.23,821000000','DD-MM-RRRR HH24.MI.SSXFF'));
Insert into SIAMI.AREA (ID,NAMA,JURUSAN,IS_PRODI,CREATED_AT,UPDATED_AT) values ('25','D4IDPLN','Teknik Elektro Industri','1',to_timestamp('05-07-2022 17.31.23,797000000','DD-MM-RRRR HH24.MI.SSXFF'),to_timestamp('05-07-2022 17.31.23,821000000','DD-MM-RRRR HH24.MI.SSXFF'));
Insert into SIAMI.AREA (ID,NAMA,JURUSAN,IS_PRODI,CREATED_AT,UPDATED_AT) values ('26','D1PJJ','Teknik Informatika','1',to_timestamp('05-07-2022 17.31.23,797000000','DD-MM-RRRR HH24.MI.SSXFF'),to_timestamp('05-07-2022 17.31.23,821000000','DD-MM-RRRR HH24.MI.SSXFF'));
Insert into SIAMI.AREA (ID,NAMA,JURUSAN,IS_PRODI,CREATED_AT,UPDATED_AT) values ('27','D4LJ','Teknik Informatika','1',to_timestamp('05-07-2022 17.31.23,797000000','DD-MM-RRRR HH24.MI.SSXFF'),to_timestamp('05-07-2022 17.31.23,821000000','DD-MM-RRRR HH24.MI.SSXFF'));
Insert into SIAMI.AREA (ID,NAMA,JURUSAN,IS_PRODI,CREATED_AT,UPDATED_AT) values ('28','D3PSDKU-LA','Multimedia Broadcasting','1',to_timestamp('05-07-2022 17.31.23,797000000','DD-MM-RRRR HH24.MI.SSXFF'),to_timestamp('05-07-2022 17.31.23,821000000','DD-MM-RRRR HH24.MI.SSXFF'));
Insert into SIAMI.AREA (ID,NAMA,JURUSAN,IS_PRODI,CREATED_AT,UPDATED_AT) values ('29','D3KPLN','Teknik Elektro Industri','1',to_timestamp('05-07-2022 17.31.23,797000000','DD-MM-RRRR HH24.MI.SSXFF'),to_timestamp('05-07-2022 17.31.23,821000000','DD-MM-RRRR HH24.MI.SSXFF'));
Insert into SIAMI.AREA (ID,NAMA,JURUSAN,IS_PRODI,CREATED_AT,UPDATED_AT) values ('30','S2','Teknik Informatika','1',to_timestamp('05-07-2022 17.31.23,797000000','DD-MM-RRRR HH24.MI.SSXFF'),to_timestamp('05-07-2022 17.31.23,821000000','DD-MM-RRRR HH24.MI.SSXFF'));
Insert into SIAMI.AREA (ID,NAMA,JURUSAN,IS_PRODI,CREATED_AT,UPDATED_AT) values ('31','D4','Teknologi Rekayasa Internet','1',to_timestamp('05-07-2022 17.31.23,797000000','DD-MM-RRRR HH24.MI.SSXFF'),to_timestamp('05-07-2022 17.31.23,821000000','DD-MM-RRRR HH24.MI.SSXFF'));
Insert into SIAMI.AREA (ID,NAMA,JURUSAN,IS_PRODI,CREATED_AT,UPDATED_AT) values ('32','D4','Teknologi Rekayasa Multimedia','1',to_timestamp('05-07-2022 17.31.23,797000000','DD-MM-RRRR HH24.MI.SSXFF'),to_timestamp('05-07-2022 17.31.23,821000000','DD-MM-RRRR HH24.MI.SSXFF'));
Insert into SIAMI.AREA (ID,NAMA,JURUSAN,IS_PRODI,CREATED_AT,UPDATED_AT) values ('33','D3KGMF','Teknik Elektronika','1',to_timestamp('05-07-2022 17.31.23,797000000','DD-MM-RRRR HH24.MI.SSXFF'),to_timestamp('05-07-2022 17.31.23,821000000','DD-MM-RRRR HH24.MI.SSXFF'));
Insert into SIAMI.AREA (ID,NAMA,JURUSAN,IS_PRODI,CREATED_AT,UPDATED_AT) values ('34','D3','Teknik Elektronika','1',to_timestamp('05-07-2022 17.31.23,797000000','DD-MM-RRRR HH24.MI.SSXFF'),to_timestamp('05-07-2022 17.31.23,821000000','DD-MM-RRRR HH24.MI.SSXFF'));
Insert into SIAMI.AREA (ID,NAMA,JURUSAN,IS_PRODI,CREATED_AT,UPDATED_AT) values ('35','D4LJ','Teknik Telekomunikasi','1',to_timestamp('05-07-2022 17.31.23,797000000','DD-MM-RRRR HH24.MI.SSXFF'),to_timestamp('05-07-2022 17.31.23,821000000','DD-MM-RRRR HH24.MI.SSXFF'));
Insert into SIAMI.AREA (ID,NAMA,JURUSAN,IS_PRODI,CREATED_AT,UPDATED_AT) values ('36','D3','Teknik Elektro Industri','1',to_timestamp('05-07-2022 17.31.23,797000000','DD-MM-RRRR HH24.MI.SSXFF'),to_timestamp('05-07-2022 17.31.23,821000000','DD-MM-RRRR HH24.MI.SSXFF'));
Insert into SIAMI.AREA (ID,NAMA,JURUSAN,IS_PRODI,CREATED_AT,UPDATED_AT) values ('37','D1','Teknik Elektro Industri','1',to_timestamp('05-07-2022 17.31.23,797000000','DD-MM-RRRR HH24.MI.SSXFF'),to_timestamp('05-07-2022 17.31.23,821000000','DD-MM-RRRR HH24.MI.SSXFF'));
Insert into SIAMI.AREA (ID,NAMA,JURUSAN,IS_PRODI,CREATED_AT,UPDATED_AT) values ('38','D3PSDKU-SM','Teknik Informatika','1',to_timestamp('05-07-2022 17.31.23,797000000','DD-MM-RRRR HH24.MI.SSXFF'),to_timestamp('05-07-2022 17.31.23,821000000','DD-MM-RRRR HH24.MI.SSXFF'));
Insert into SIAMI.AREA (ID,NAMA,JURUSAN,IS_PRODI,CREATED_AT,UPDATED_AT) values ('39','D4','Teknik Mekatronika','1',to_timestamp('05-07-2022 17.31.23,797000000','DD-MM-RRRR HH24.MI.SSXFF'),to_timestamp('05-07-2022 17.31.23,821000000','DD-MM-RRRR HH24.MI.SSXFF'));
Insert into SIAMI.AREA (ID,NAMA,JURUSAN,IS_PRODI,CREATED_AT,UPDATED_AT) values ('40','D4','Sistem Pembangkit Energi','1',to_timestamp('05-07-2022 17.31.23,797000000','DD-MM-RRRR HH24.MI.SSXFF'),to_timestamp('05-07-2022 17.31.23,821000000','DD-MM-RRRR HH24.MI.SSXFF'));
Insert into SIAMI.AREA (ID,NAMA,JURUSAN,IS_PRODI,CREATED_AT,UPDATED_AT) values ('41','Direktur',null,'0',to_timestamp('05-07-2022 17.49.11,796000000','DD-MM-RRRR HH24.MI.SSXFF'),to_timestamp('05-07-2022 17.49.11,796000000','DD-MM-RRRR HH24.MI.SSXFF'));
Insert into SIAMI.AREA (ID,NAMA,JURUSAN,IS_PRODI,CREATED_AT,UPDATED_AT) values ('42','WAKIL DIREKTUR 1 (Manajemen)',null,'0',to_timestamp('05-07-2022 17.49.11,803000000','DD-MM-RRRR HH24.MI.SSXFF'),to_timestamp('05-07-2022 17.49.11,803000000','DD-MM-RRRR HH24.MI.SSXFF'));
Insert into SIAMI.AREA (ID,NAMA,JURUSAN,IS_PRODI,CREATED_AT,UPDATED_AT) values ('43','WAKIL DIREKTUR 2 (Manajemen)',null,'0',to_timestamp('05-07-2022 17.49.11,805000000','DD-MM-RRRR HH24.MI.SSXFF'),to_timestamp('05-07-2022 17.49.11,805000000','DD-MM-RRRR HH24.MI.SSXFF'));
Insert into SIAMI.AREA (ID,NAMA,JURUSAN,IS_PRODI,CREATED_AT,UPDATED_AT) values ('44','WAKIL DIREKTUR 3 (Manajemen)',null,'0',to_timestamp('05-07-2022 17.49.11,807000000','DD-MM-RRRR HH24.MI.SSXFF'),to_timestamp('05-07-2022 17.49.11,807000000','DD-MM-RRRR HH24.MI.SSXFF'));
Insert into SIAMI.AREA (ID,NAMA,JURUSAN,IS_PRODI,CREATED_AT,UPDATED_AT) values ('45','WAKIL DIREKTUR 4 (Manajemen)',null,'0',to_timestamp('05-07-2022 17.49.11,809000000','DD-MM-RRRR HH24.MI.SSXFF'),to_timestamp('05-07-2022 17.49.11,809000000','DD-MM-RRRR HH24.MI.SSXFF'));
Insert into SIAMI.AREA (ID,NAMA,JURUSAN,IS_PRODI,CREATED_AT,UPDATED_AT) values ('46','Kesekretariatan (Humas)',null,'0',to_timestamp('05-07-2022 17.49.11,811000000','DD-MM-RRRR HH24.MI.SSXFF'),to_timestamp('05-07-2022 17.49.11,811000000','DD-MM-RRRR HH24.MI.SSXFF'));
Insert into SIAMI.AREA (ID,NAMA,JURUSAN,IS_PRODI,CREATED_AT,UPDATED_AT) values ('47','Satuan Pengawasan Internal',null,'0',to_timestamp('05-07-2022 17.49.11,813000000','DD-MM-RRRR HH24.MI.SSXFF'),to_timestamp('05-07-2022 17.49.11,813000000','DD-MM-RRRR HH24.MI.SSXFF'));
Insert into SIAMI.AREA (ID,NAMA,JURUSAN,IS_PRODI,CREATED_AT,UPDATED_AT) values ('48','Unit Kantor Internasional',null,'0',to_timestamp('05-07-2022 17.49.11,816000000','DD-MM-RRRR HH24.MI.SSXFF'),to_timestamp('05-07-2022 17.49.11,816000000','DD-MM-RRRR HH24.MI.SSXFF'));
Insert into SIAMI.AREA (ID,NAMA,JURUSAN,IS_PRODI,CREATED_AT,UPDATED_AT) values ('49','Pusat Penelitian dan Pengabdian kepada Masyarakat',null,'0',to_timestamp('05-07-2022 17.49.11,818000000','DD-MM-RRRR HH24.MI.SSXFF'),to_timestamp('05-07-2022 17.49.11,818000000','DD-MM-RRRR HH24.MI.SSXFF'));
Insert into SIAMI.AREA (ID,NAMA,JURUSAN,IS_PRODI,CREATED_AT,UPDATED_AT) values ('50','Pascasarjana',null,'0',to_timestamp('05-07-2022 17.49.11,820000000','DD-MM-RRRR HH24.MI.SSXFF'),to_timestamp('05-07-2022 17.49.11,820000000','DD-MM-RRRR HH24.MI.SSXFF'));
Insert into SIAMI.AREA (ID,NAMA,JURUSAN,IS_PRODI,CREATED_AT,UPDATED_AT) values ('51','Koordinator PJJ',null,'0',to_timestamp('05-07-2022 17.49.11,822000000','DD-MM-RRRR HH24.MI.SSXFF'),to_timestamp('05-07-2022 17.49.11,822000000','DD-MM-RRRR HH24.MI.SSXFF'));
Insert into SIAMI.AREA (ID,NAMA,JURUSAN,IS_PRODI,CREATED_AT,UPDATED_AT) values ('52','Koordinator PSDKU',null,'0',to_timestamp('05-07-2022 17.49.11,823000000','DD-MM-RRRR HH24.MI.SSXFF'),to_timestamp('05-07-2022 17.49.11,823000000','DD-MM-RRRR HH24.MI.SSXFF'));
Insert into SIAMI.AREA (ID,NAMA,JURUSAN,IS_PRODI,CREATED_AT,UPDATED_AT) values ('53','Unit Peningkatan dan Pengembangan Aktivitas Instruksional',null,'0',to_timestamp('05-07-2022 17.49.11,826000000','DD-MM-RRRR HH24.MI.SSXFF'),to_timestamp('05-07-2022 17.49.11,826000000','DD-MM-RRRR HH24.MI.SSXFF'));
Insert into SIAMI.AREA (ID,NAMA,JURUSAN,IS_PRODI,CREATED_AT,UPDATED_AT) values ('54','Sub bagian Akademik dan Kemahasiswaan',null,'0',to_timestamp('05-07-2022 17.49.11,828000000','DD-MM-RRRR HH24.MI.SSXFF'),to_timestamp('05-07-2022 17.49.11,828000000','DD-MM-RRRR HH24.MI.SSXFF'));
Insert into SIAMI.AREA (ID,NAMA,JURUSAN,IS_PRODI,CREATED_AT,UPDATED_AT) values ('55','Sub bagian Umum',null,'0',to_timestamp('05-07-2022 17.49.11,830000000','DD-MM-RRRR HH24.MI.SSXFF'),to_timestamp('05-07-2022 17.49.11,830000000','DD-MM-RRRR HH24.MI.SSXFF'));
Insert into SIAMI.AREA (ID,NAMA,JURUSAN,IS_PRODI,CREATED_AT,UPDATED_AT) values ('56','Sub bagian Keuangan',null,'0',to_timestamp('05-07-2022 17.49.11,833000000','DD-MM-RRRR HH24.MI.SSXFF'),to_timestamp('05-07-2022 17.49.11,833000000','DD-MM-RRRR HH24.MI.SSXFF'));
Insert into SIAMI.AREA (ID,NAMA,JURUSAN,IS_PRODI,CREATED_AT,UPDATED_AT) values ('57','UPT Pemeliharaan, Perbaikan, dan Kalibrasi',null,'0',to_timestamp('05-07-2022 17.49.11,835000000','DD-MM-RRRR HH24.MI.SSXFF'),to_timestamp('05-07-2022 17.49.11,835000000','DD-MM-RRRR HH24.MI.SSXFF'));
Insert into SIAMI.AREA (ID,NAMA,JURUSAN,IS_PRODI,CREATED_AT,UPDATED_AT) values ('58','Unit Pelaksana Pengadaan Barang & Jasa',null,'0',to_timestamp('05-07-2022 17.49.11,837000000','DD-MM-RRRR HH24.MI.SSXFF'),to_timestamp('05-07-2022 17.49.11,837000000','DD-MM-RRRR HH24.MI.SSXFF'));
Insert into SIAMI.AREA (ID,NAMA,JURUSAN,IS_PRODI,CREATED_AT,UPDATED_AT) values ('59','Unit Perencanaan dan Pelaporan',null,'0',to_timestamp('05-07-2022 17.49.11,839000000','DD-MM-RRRR HH24.MI.SSXFF'),to_timestamp('05-07-2022 17.49.11,839000000','DD-MM-RRRR HH24.MI.SSXFF'));
Insert into SIAMI.AREA (ID,NAMA,JURUSAN,IS_PRODI,CREATED_AT,UPDATED_AT) values ('60','Unit Minat Bakat dan Organisasi Mahasiswa',null,'0',to_timestamp('05-07-2022 17.49.11,841000000','DD-MM-RRRR HH24.MI.SSXFF'),to_timestamp('05-07-2022 17.49.11,841000000','DD-MM-RRRR HH24.MI.SSXFF'));
Insert into SIAMI.AREA (ID,NAMA,JURUSAN,IS_PRODI,CREATED_AT,UPDATED_AT) values ('61','Unit Penalaran, Kreatifitas dan Kewirausahaan Mahasiswa',null,'0',to_timestamp('05-07-2022 17.49.11,843000000','DD-MM-RRRR HH24.MI.SSXFF'),to_timestamp('05-07-2022 17.49.11,843000000','DD-MM-RRRR HH24.MI.SSXFF'));
Insert into SIAMI.AREA (ID,NAMA,JURUSAN,IS_PRODI,CREATED_AT,UPDATED_AT) values ('62','UPT Bahasa',null,'0',to_timestamp('05-07-2022 17.49.11,846000000','DD-MM-RRRR HH24.MI.SSXFF'),to_timestamp('05-07-2022 17.49.11,846000000','DD-MM-RRRR HH24.MI.SSXFF'));
Insert into SIAMI.AREA (ID,NAMA,JURUSAN,IS_PRODI,CREATED_AT,UPDATED_AT) values ('63','UPT Perpustakaan',null,'0',to_timestamp('05-07-2022 17.49.11,849000000','DD-MM-RRRR HH24.MI.SSXFF'),to_timestamp('05-07-2022 17.49.11,849000000','DD-MM-RRRR HH24.MI.SSXFF'));
Insert into SIAMI.AREA (ID,NAMA,JURUSAN,IS_PRODI,CREATED_AT,UPDATED_AT) values ('64','Biro Sumber Daya Manusia',null,'0',to_timestamp('05-07-2022 17.49.11,852000000','DD-MM-RRRR HH24.MI.SSXFF'),to_timestamp('05-07-2022 17.49.11,852000000','DD-MM-RRRR HH24.MI.SSXFF'));
Insert into SIAMI.AREA (ID,NAMA,JURUSAN,IS_PRODI,CREATED_AT,UPDATED_AT) values ('65','UPT Komputer',null,'0',to_timestamp('05-07-2022 17.49.11,854000000','DD-MM-RRRR HH24.MI.SSXFF'),to_timestamp('05-07-2022 17.49.11,854000000','DD-MM-RRRR HH24.MI.SSXFF'));
Insert into SIAMI.AREA (ID,NAMA,JURUSAN,IS_PRODI,CREATED_AT,UPDATED_AT) values ('66','Unit Pengolahan Data Elektronik',null,'0',to_timestamp('05-07-2022 17.49.11,856000000','DD-MM-RRRR HH24.MI.SSXFF'),to_timestamp('05-07-2022 17.49.11,856000000','DD-MM-RRRR HH24.MI.SSXFF'));
Insert into SIAMI.AREA (ID,NAMA,JURUSAN,IS_PRODI,CREATED_AT,UPDATED_AT) values ('67','Unit Peningkatan dan Uji Kompetensi',null,'0',to_timestamp('05-07-2022 17.49.11,859000000','DD-MM-RRRR HH24.MI.SSXFF'),to_timestamp('05-07-2022 17.49.11,859000000','DD-MM-RRRR HH24.MI.SSXFF'));
Insert into SIAMI.AREA (ID,NAMA,JURUSAN,IS_PRODI,CREATED_AT,UPDATED_AT) values ('68','Unit Karir dan Potensi Alumni',null,'0',to_timestamp('05-07-2022 17.49.11,861000000','DD-MM-RRRR HH24.MI.SSXFF'),to_timestamp('05-07-2022 17.49.11,861000000','DD-MM-RRRR HH24.MI.SSXFF'));
REM INSERTING into SIAMI.AUDITEE
SET DEFINE OFF;
Insert into SIAMI.AUDITEE (USER_ID,USER_TYPE,CREATED_AT,UPDATED_AT) values ('145','3',to_timestamp('07-07-2022 10.45.54,534000000','DD-MM-RRRR HH24.MI.SSXFF'),to_timestamp('07-07-2022 10.45.54,534000000','DD-MM-RRRR HH24.MI.SSXFF'));
Insert into SIAMI.AUDITEE (USER_ID,USER_TYPE,CREATED_AT,UPDATED_AT) values ('146','3',to_timestamp('07-07-2022 10.46.20,525000000','DD-MM-RRRR HH24.MI.SSXFF'),to_timestamp('07-07-2022 10.46.20,525000000','DD-MM-RRRR HH24.MI.SSXFF'));
Insert into SIAMI.AUDITEE (USER_ID,USER_TYPE,CREATED_AT,UPDATED_AT) values ('157','3',to_timestamp('13-07-2022 02.47.57,227000000','DD-MM-RRRR HH24.MI.SSXFF'),to_timestamp('13-07-2022 02.47.57,227000000','DD-MM-RRRR HH24.MI.SSXFF'));
Insert into SIAMI.AUDITEE (USER_ID,USER_TYPE,CREATED_AT,UPDATED_AT) values ('158','3',to_timestamp('13-07-2022 02.48.16,557000000','DD-MM-RRRR HH24.MI.SSXFF'),to_timestamp('13-07-2022 02.48.16,557000000','DD-MM-RRRR HH24.MI.SSXFF'));
REM INSERTING into SIAMI.AUDITOR
SET DEFINE OFF;
Insert into SIAMI.AUDITOR (USER_ID,USER_TYPE,CREATED_AT,UPDATED_AT) values ('143','2',to_timestamp('06-07-2022 17.31.21,591000000','DD-MM-RRRR HH24.MI.SSXFF'),to_timestamp('06-07-2022 17.31.21,591000000','DD-MM-RRRR HH24.MI.SSXFF'));
Insert into SIAMI.AUDITOR (USER_ID,USER_TYPE,CREATED_AT,UPDATED_AT) values ('149','2',to_timestamp('07-07-2022 10.48.07,600000000','DD-MM-RRRR HH24.MI.SSXFF'),to_timestamp('07-07-2022 10.48.07,600000000','DD-MM-RRRR HH24.MI.SSXFF'));
Insert into SIAMI.AUDITOR (USER_ID,USER_TYPE,CREATED_AT,UPDATED_AT) values ('150','2',to_timestamp('07-07-2022 10.48.59,092000000','DD-MM-RRRR HH24.MI.SSXFF'),to_timestamp('07-07-2022 10.48.59,092000000','DD-MM-RRRR HH24.MI.SSXFF'));
Insert into SIAMI.AUDITOR (USER_ID,USER_TYPE,CREATED_AT,UPDATED_AT) values ('161','2',to_timestamp('22-07-2022 16.04.30,991000000','DD-MM-RRRR HH24.MI.SSXFF'),to_timestamp('22-07-2022 16.04.30,991000000','DD-MM-RRRR HH24.MI.SSXFF'));
Insert into SIAMI.AUDITOR (USER_ID,USER_TYPE,CREATED_AT,UPDATED_AT) values ('156','2',to_timestamp('13-07-2022 02.47.29,513000000','DD-MM-RRRR HH24.MI.SSXFF'),to_timestamp('13-07-2022 02.47.29,513000000','DD-MM-RRRR HH24.MI.SSXFF'));
REM INSERTING into SIAMI.CHECKLIST
SET DEFINE OFF;
Insert into SIAMI.CHECKLIST (ID,AMI_ID,STATUS_ID,AREA_ID,AUDITEE_ID,AUDITEE2_ID,TGL_TERBIT,NO_IDENTIFIKASI,NO_REVISI,SARAN,CREATED_AT,UPDATED_AT,WAKTU_AUDIT) values ('135','40','6','20','157',null,'2022-07-15','RF-AMI.11.01','1',null,to_timestamp('22-07-2022 15.05.25,071000000','DD-MM-RRRR HH24.MI.SSXFF'),to_timestamp('22-07-2022 15.05.25,071000000','DD-MM-RRRR HH24.MI.SSXFF'),'22-07-2022 15.28.31');
Insert into SIAMI.CHECKLIST (ID,AMI_ID,STATUS_ID,AREA_ID,AUDITEE_ID,AUDITEE2_ID,TGL_TERBIT,NO_IDENTIFIKASI,NO_REVISI,SARAN,CREATED_AT,UPDATED_AT,WAKTU_AUDIT) values ('136','40','6','21','157',null,'2022-07-22','RF-AMI.11.02','2',null,to_timestamp('22-07-2022 16.09.16,870000000','DD-MM-RRRR HH24.MI.SSXFF'),to_timestamp('22-07-2022 16.09.16,870000000','DD-MM-RRRR HH24.MI.SSXFF'),'22-07-2022 16.18.03');
Insert into SIAMI.CHECKLIST (ID,AMI_ID,STATUS_ID,AREA_ID,AUDITEE_ID,AUDITEE2_ID,TGL_TERBIT,NO_IDENTIFIKASI,NO_REVISI,SARAN,CREATED_AT,UPDATED_AT,WAKTU_AUDIT) values ('120','36','6','20','145',null,'2021-10-08','RF-AMI.11.00','1',null,to_timestamp('08-07-2022 15.43.20,012000000','DD-MM-RRRR HH24.MI.SSXFF'),to_timestamp('08-07-2022 15.43.20,012000000','DD-MM-RRRR HH24.MI.SSXFF'),null);
Insert into SIAMI.CHECKLIST (ID,AMI_ID,STATUS_ID,AREA_ID,AUDITEE_ID,AUDITEE2_ID,TGL_TERBIT,NO_IDENTIFIKASI,NO_REVISI,SARAN,CREATED_AT,UPDATED_AT,WAKTU_AUDIT) values ('138','36','1','20','145',null,'2022-07-26','RF-AMI.11.01','2',null,to_timestamp('26-07-2022 14.24.34,315000000','DD-MM-RRRR HH24.MI.SSXFF'),to_timestamp('26-07-2022 14.24.34,315000000','DD-MM-RRRR HH24.MI.SSXFF'),null);
REM INSERTING into SIAMI.CHECKLIST_AUDITOR
SET DEFINE OFF;
Insert into SIAMI.CHECKLIST_AUDITOR (ID,CHECKLIST_KRITERIA_ID,AUDITOR_ID,KET_AUDITOR,NILAI,CREATED_AT,UPDATED_AT) values ('201','145','156','Semua prosedur telah terpenuhi.','4',to_timestamp('22-07-2022 15.05.25,078000000','DD-MM-RRRR HH24.MI.SSXFF'),to_timestamp('22-07-2022 15.05.25,078000000','DD-MM-RRRR HH24.MI.SSXFF'));
Insert into SIAMI.CHECKLIST_AUDITOR (ID,CHECKLIST_KRITERIA_ID,AUDITOR_ID,KET_AUDITOR,NILAI,CREATED_AT,UPDATED_AT) values ('202','145','143','Sudah bagus','4',to_timestamp('22-07-2022 15.05.25,079000000','DD-MM-RRRR HH24.MI.SSXFF'),to_timestamp('22-07-2022 15.05.25,079000000','DD-MM-RRRR HH24.MI.SSXFF'));
Insert into SIAMI.CHECKLIST_AUDITOR (ID,CHECKLIST_KRITERIA_ID,AUDITOR_ID,KET_AUDITOR,NILAI,CREATED_AT,UPDATED_AT) values ('203','146','156','Bisa lebih dioptimalkan','4',to_timestamp('22-07-2022 15.05.25,080000000','DD-MM-RRRR HH24.MI.SSXFF'),to_timestamp('22-07-2022 15.05.25,080000000','DD-MM-RRRR HH24.MI.SSXFF'));
Insert into SIAMI.CHECKLIST_AUDITOR (ID,CHECKLIST_KRITERIA_ID,AUDITOR_ID,KET_AUDITOR,NILAI,CREATED_AT,UPDATED_AT) values ('204','146','143','Bisa lebih dioptimalkan','3',to_timestamp('22-07-2022 15.05.25,082000000','DD-MM-RRRR HH24.MI.SSXFF'),to_timestamp('22-07-2022 15.05.25,082000000','DD-MM-RRRR HH24.MI.SSXFF'));
Insert into SIAMI.CHECKLIST_AUDITOR (ID,CHECKLIST_KRITERIA_ID,AUDITOR_ID,KET_AUDITOR,NILAI,CREATED_AT,UPDATED_AT) values ('205','147','156','Data pendukung belum ada.','2',to_timestamp('22-07-2022 15.05.25,086000000','DD-MM-RRRR HH24.MI.SSXFF'),to_timestamp('22-07-2022 15.05.25,086000000','DD-MM-RRRR HH24.MI.SSXFF'));
Insert into SIAMI.CHECKLIST_AUDITOR (ID,CHECKLIST_KRITERIA_ID,AUDITOR_ID,KET_AUDITOR,NILAI,CREATED_AT,UPDATED_AT) values ('206','147','143','Kurang optimal','2',to_timestamp('22-07-2022 15.05.25,086000000','DD-MM-RRRR HH24.MI.SSXFF'),to_timestamp('22-07-2022 15.05.25,086000000','DD-MM-RRRR HH24.MI.SSXFF'));
Insert into SIAMI.CHECKLIST_AUDITOR (ID,CHECKLIST_KRITERIA_ID,AUDITOR_ID,KET_AUDITOR,NILAI,CREATED_AT,UPDATED_AT) values ('207','148','156','Sudah bagus','4',to_timestamp('22-07-2022 16.09.16,882000000','DD-MM-RRRR HH24.MI.SSXFF'),to_timestamp('22-07-2022 16.09.16,882000000','DD-MM-RRRR HH24.MI.SSXFF'));
Insert into SIAMI.CHECKLIST_AUDITOR (ID,CHECKLIST_KRITERIA_ID,AUDITOR_ID,KET_AUDITOR,NILAI,CREATED_AT,UPDATED_AT) values ('208','148','143',null,null,to_timestamp('22-07-2022 16.09.16,883000000','DD-MM-RRRR HH24.MI.SSXFF'),to_timestamp('22-07-2022 16.09.16,883000000','DD-MM-RRRR HH24.MI.SSXFF'));
Insert into SIAMI.CHECKLIST_AUDITOR (ID,CHECKLIST_KRITERIA_ID,AUDITOR_ID,KET_AUDITOR,NILAI,CREATED_AT,UPDATED_AT) values ('209','149','156','Perlu dilengkapi','3',to_timestamp('22-07-2022 16.09.16,886000000','DD-MM-RRRR HH24.MI.SSXFF'),to_timestamp('22-07-2022 16.09.16,886000000','DD-MM-RRRR HH24.MI.SSXFF'));
Insert into SIAMI.CHECKLIST_AUDITOR (ID,CHECKLIST_KRITERIA_ID,AUDITOR_ID,KET_AUDITOR,NILAI,CREATED_AT,UPDATED_AT) values ('210','149','143',null,null,to_timestamp('22-07-2022 16.09.16,887000000','DD-MM-RRRR HH24.MI.SSXFF'),to_timestamp('22-07-2022 16.09.16,887000000','DD-MM-RRRR HH24.MI.SSXFF'));
Insert into SIAMI.CHECKLIST_AUDITOR (ID,CHECKLIST_KRITERIA_ID,AUDITOR_ID,KET_AUDITOR,NILAI,CREATED_AT,UPDATED_AT) values ('211','150','156','Perlu dilengkapi','2',to_timestamp('22-07-2022 16.09.16,890000000','DD-MM-RRRR HH24.MI.SSXFF'),to_timestamp('22-07-2022 16.09.16,890000000','DD-MM-RRRR HH24.MI.SSXFF'));
Insert into SIAMI.CHECKLIST_AUDITOR (ID,CHECKLIST_KRITERIA_ID,AUDITOR_ID,KET_AUDITOR,NILAI,CREATED_AT,UPDATED_AT) values ('212','150','143',null,null,to_timestamp('22-07-2022 16.09.16,891000000','DD-MM-RRRR HH24.MI.SSXFF'),to_timestamp('22-07-2022 16.09.16,891000000','DD-MM-RRRR HH24.MI.SSXFF'));
Insert into SIAMI.CHECKLIST_AUDITOR (ID,CHECKLIST_KRITERIA_ID,AUDITOR_ID,KET_AUDITOR,NILAI,CREATED_AT,UPDATED_AT) values ('125','98','150','belum sesuai','0',to_timestamp('08-07-2022 15.43.20,346000000','DD-MM-RRRR HH24.MI.SSXFF'),to_timestamp('08-07-2022 15.43.20,346000000','DD-MM-RRRR HH24.MI.SSXFF'));
Insert into SIAMI.CHECKLIST_AUDITOR (ID,CHECKLIST_KRITERIA_ID,AUDITOR_ID,KET_AUDITOR,NILAI,CREATED_AT,UPDATED_AT) values ('123','97','150','sudah bagus','4',to_timestamp('08-07-2022 15.43.20,287000000','DD-MM-RRRR HH24.MI.SSXFF'),to_timestamp('08-07-2022 15.43.20,287000000','DD-MM-RRRR HH24.MI.SSXFF'));
Insert into SIAMI.CHECKLIST_AUDITOR (ID,CHECKLIST_KRITERIA_ID,AUDITOR_ID,KET_AUDITOR,NILAI,CREATED_AT,UPDATED_AT) values ('124','97','149','yap bagus',null,to_timestamp('08-07-2022 15.43.20,341000000','DD-MM-RRRR HH24.MI.SSXFF'),to_timestamp('08-07-2022 15.43.20,341000000','DD-MM-RRRR HH24.MI.SSXFF'));
Insert into SIAMI.CHECKLIST_AUDITOR (ID,CHECKLIST_KRITERIA_ID,AUDITOR_ID,KET_AUDITOR,NILAI,CREATED_AT,UPDATED_AT) values ('126','98','149','belum nich',null,to_timestamp('08-07-2022 15.43.20,347000000','DD-MM-RRRR HH24.MI.SSXFF'),to_timestamp('08-07-2022 15.43.20,347000000','DD-MM-RRRR HH24.MI.SSXFF'));
Insert into SIAMI.CHECKLIST_AUDITOR (ID,CHECKLIST_KRITERIA_ID,AUDITOR_ID,KET_AUDITOR,NILAI,CREATED_AT,UPDATED_AT) values ('127','99','150','ditambahkan data pendukung','3',to_timestamp('08-07-2022 15.43.20,353000000','DD-MM-RRRR HH24.MI.SSXFF'),to_timestamp('08-07-2022 15.43.20,353000000','DD-MM-RRRR HH24.MI.SSXFF'));
Insert into SIAMI.CHECKLIST_AUDITOR (ID,CHECKLIST_KRITERIA_ID,AUDITOR_ID,KET_AUDITOR,NILAI,CREATED_AT,UPDATED_AT) values ('128','99','149','tambahkan data pendukung ya',null,to_timestamp('08-07-2022 15.43.20,354000000','DD-MM-RRRR HH24.MI.SSXFF'),to_timestamp('08-07-2022 15.43.20,354000000','DD-MM-RRRR HH24.MI.SSXFF'));
Insert into SIAMI.CHECKLIST_AUDITOR (ID,CHECKLIST_KRITERIA_ID,AUDITOR_ID,KET_AUDITOR,NILAI,CREATED_AT,UPDATED_AT) values ('129','100','150',null,null,to_timestamp('08-07-2022 15.43.20,358000000','DD-MM-RRRR HH24.MI.SSXFF'),to_timestamp('08-07-2022 15.43.20,358000000','DD-MM-RRRR HH24.MI.SSXFF'));
Insert into SIAMI.CHECKLIST_AUDITOR (ID,CHECKLIST_KRITERIA_ID,AUDITOR_ID,KET_AUDITOR,NILAI,CREATED_AT,UPDATED_AT) values ('130','100','149',null,null,to_timestamp('08-07-2022 15.43.20,359000000','DD-MM-RRRR HH24.MI.SSXFF'),to_timestamp('08-07-2022 15.43.20,359000000','DD-MM-RRRR HH24.MI.SSXFF'));
Insert into SIAMI.CHECKLIST_AUDITOR (ID,CHECKLIST_KRITERIA_ID,AUDITOR_ID,KET_AUDITOR,NILAI,CREATED_AT,UPDATED_AT) values ('131','101','150',null,null,to_timestamp('08-07-2022 15.43.20,363000000','DD-MM-RRRR HH24.MI.SSXFF'),to_timestamp('08-07-2022 15.43.20,363000000','DD-MM-RRRR HH24.MI.SSXFF'));
Insert into SIAMI.CHECKLIST_AUDITOR (ID,CHECKLIST_KRITERIA_ID,AUDITOR_ID,KET_AUDITOR,NILAI,CREATED_AT,UPDATED_AT) values ('132','101','149',null,null,to_timestamp('08-07-2022 15.43.20,364000000','DD-MM-RRRR HH24.MI.SSXFF'),to_timestamp('08-07-2022 15.43.20,364000000','DD-MM-RRRR HH24.MI.SSXFF'));
Insert into SIAMI.CHECKLIST_AUDITOR (ID,CHECKLIST_KRITERIA_ID,AUDITOR_ID,KET_AUDITOR,NILAI,CREATED_AT,UPDATED_AT) values ('133','102','150',null,null,to_timestamp('08-07-2022 15.43.20,368000000','DD-MM-RRRR HH24.MI.SSXFF'),to_timestamp('08-07-2022 15.43.20,368000000','DD-MM-RRRR HH24.MI.SSXFF'));
Insert into SIAMI.CHECKLIST_AUDITOR (ID,CHECKLIST_KRITERIA_ID,AUDITOR_ID,KET_AUDITOR,NILAI,CREATED_AT,UPDATED_AT) values ('134','102','149',null,null,to_timestamp('08-07-2022 15.43.20,370000000','DD-MM-RRRR HH24.MI.SSXFF'),to_timestamp('08-07-2022 15.43.20,370000000','DD-MM-RRRR HH24.MI.SSXFF'));
Insert into SIAMI.CHECKLIST_AUDITOR (ID,CHECKLIST_KRITERIA_ID,AUDITOR_ID,KET_AUDITOR,NILAI,CREATED_AT,UPDATED_AT) values ('135','103','150',null,null,to_timestamp('08-07-2022 15.43.20,373000000','DD-MM-RRRR HH24.MI.SSXFF'),to_timestamp('08-07-2022 15.43.20,373000000','DD-MM-RRRR HH24.MI.SSXFF'));
Insert into SIAMI.CHECKLIST_AUDITOR (ID,CHECKLIST_KRITERIA_ID,AUDITOR_ID,KET_AUDITOR,NILAI,CREATED_AT,UPDATED_AT) values ('136','103','149',null,null,to_timestamp('08-07-2022 15.43.20,374000000','DD-MM-RRRR HH24.MI.SSXFF'),to_timestamp('08-07-2022 15.43.20,374000000','DD-MM-RRRR HH24.MI.SSXFF'));
Insert into SIAMI.CHECKLIST_AUDITOR (ID,CHECKLIST_KRITERIA_ID,AUDITOR_ID,KET_AUDITOR,NILAI,CREATED_AT,UPDATED_AT) values ('220','154','149',null,null,to_timestamp('26-07-2022 14.24.34,324000000','DD-MM-RRRR HH24.MI.SSXFF'),to_timestamp('26-07-2022 14.24.34,324000000','DD-MM-RRRR HH24.MI.SSXFF'));
Insert into SIAMI.CHECKLIST_AUDITOR (ID,CHECKLIST_KRITERIA_ID,AUDITOR_ID,KET_AUDITOR,NILAI,CREATED_AT,UPDATED_AT) values ('219','154','150',null,null,to_timestamp('26-07-2022 14.24.34,323000000','DD-MM-RRRR HH24.MI.SSXFF'),to_timestamp('26-07-2022 14.24.34,323000000','DD-MM-RRRR HH24.MI.SSXFF'));
REM INSERTING into SIAMI.CHECKLIST_HAS_KRITERIA
SET DEFINE OFF;
Insert into SIAMI.CHECKLIST_HAS_KRITERIA (ID,CHECKLIST_ID,KRITERIA_ID,KET_AUDITEE,DATA_PENDUKUNG,NILAI_AKHIR,TINDAK_LANJUT,TINJAUAN_EFEKTIVITAS,CREATED_AT,UPDATED_AT,KETIDAKSESUAIAN,TIDAK_SESUAI) values ('145','135','53','Kompetensi lulusan sudah terpenuhi.','contents/storage/data_pendukung/ec6c9dc9765b13ec18789f1d7ff2a36f_1658477369.pdf',null,null,null,to_timestamp('22-07-2022 15.05.25,074000000','DD-MM-RRRR HH24.MI.SSXFF'),to_timestamp('22-07-2022 15.05.25,074000000','DD-MM-RRRR HH24.MI.SSXFF'),null,'0');
Insert into SIAMI.CHECKLIST_HAS_KRITERIA (ID,CHECKLIST_ID,KRITERIA_ID,KET_AUDITEE,DATA_PENDUKUNG,NILAI_AKHIR,TINDAK_LANJUT,TINJAUAN_EFEKTIVITAS,CREATED_AT,UPDATED_AT,KETIDAKSESUAIAN,TIDAK_SESUAI) values ('146','135','54','Perumusan CPL kurang terpenuhi karena unsur CP sikap belum maksimal.','contents/storage/data_pendukung/51bbe568326cb042198da865193c6c0d_1658477764.pdf',null,null,null,to_timestamp('22-07-2022 15.05.25,080000000','DD-MM-RRRR HH24.MI.SSXFF'),to_timestamp('22-07-2022 15.05.25,080000000','DD-MM-RRRR HH24.MI.SSXFF'),null,'0');
Insert into SIAMI.CHECKLIST_HAS_KRITERIA (ID,CHECKLIST_ID,KRITERIA_ID,KET_AUDITEE,DATA_PENDUKUNG,NILAI_AKHIR,TINDAK_LANJUT,TINJAUAN_EFEKTIVITAS,CREATED_AT,UPDATED_AT,KETIDAKSESUAIAN,TIDAK_SESUAI) values ('147','135','57','Rata-rata D3 belum ada.',null,null,null,null,to_timestamp('22-07-2022 15.05.25,084000000','DD-MM-RRRR HH24.MI.SSXFF'),to_timestamp('22-07-2022 15.05.25,084000000','DD-MM-RRRR HH24.MI.SSXFF'),null,'1');
Insert into SIAMI.CHECKLIST_HAS_KRITERIA (ID,CHECKLIST_ID,KRITERIA_ID,KET_AUDITEE,DATA_PENDUKUNG,NILAI_AKHIR,TINDAK_LANJUT,TINJAUAN_EFEKTIVITAS,CREATED_AT,UPDATED_AT,KETIDAKSESUAIAN,TIDAK_SESUAI) values ('148','136','53','CPL sudah terpenuhi','contents/storage/data_pendukung/738af3c7028b73ad3302ba8976b9894f_1658481089.pdf',null,null,null,to_timestamp('22-07-2022 16.09.16,875000000','DD-MM-RRRR HH24.MI.SSXFF'),to_timestamp('22-07-2022 16.09.16,875000000','DD-MM-RRRR HH24.MI.SSXFF'),null,'0');
Insert into SIAMI.CHECKLIST_HAS_KRITERIA (ID,CHECKLIST_ID,KRITERIA_ID,KET_AUDITEE,DATA_PENDUKUNG,NILAI_AKHIR,TINDAK_LANJUT,TINJAUAN_EFEKTIVITAS,CREATED_AT,UPDATED_AT,KETIDAKSESUAIAN,TIDAK_SESUAI) values ('149','136','54','Rumusan CPL belum lengkap',null,null,'Akan dilengkapi rumusan cplnya',null,to_timestamp('22-07-2022 16.09.16,884000000','DD-MM-RRRR HH24.MI.SSXFF'),to_timestamp('22-07-2022 16.09.16,884000000','DD-MM-RRRR HH24.MI.SSXFF'),null,'1');
Insert into SIAMI.CHECKLIST_HAS_KRITERIA (ID,CHECKLIST_ID,KRITERIA_ID,KET_AUDITEE,DATA_PENDUKUNG,NILAI_AKHIR,TINDAK_LANJUT,TINJAUAN_EFEKTIVITAS,CREATED_AT,UPDATED_AT,KETIDAKSESUAIAN,TIDAK_SESUAI) values ('150','136','57','Belum ada data pendukung',null,null,'Akan lebih dioptimalkan',null,to_timestamp('22-07-2022 16.09.16,888000000','DD-MM-RRRR HH24.MI.SSXFF'),to_timestamp('22-07-2022 16.09.16,888000000','DD-MM-RRRR HH24.MI.SSXFF'),null,'1');
Insert into SIAMI.CHECKLIST_HAS_KRITERIA (ID,CHECKLIST_ID,KRITERIA_ID,KET_AUDITEE,DATA_PENDUKUNG,NILAI_AKHIR,TINDAK_LANJUT,TINJAUAN_EFEKTIVITAS,CREATED_AT,UPDATED_AT,KETIDAKSESUAIAN,TIDAK_SESUAI) values ('97','120','53','sudah ada dokumen. dapat dilihat pada link https://abc','contents/storage/data_pendukung/ca39fccc19b86dfb4070fd4c25269356_1657269989.pdf',null,null,'efektif',to_timestamp('08-07-2022 15.43.20,237000000','DD-MM-RRRR HH24.MI.SSXFF'),to_timestamp('08-07-2022 15.43.20,237000000','DD-MM-RRRR HH24.MI.SSXFF'),'KKK','0');
Insert into SIAMI.CHECKLIST_HAS_KRITERIA (ID,CHECKLIST_ID,KRITERIA_ID,KET_AUDITEE,DATA_PENDUKUNG,NILAI_AKHIR,TINDAK_LANJUT,TINJAUAN_EFEKTIVITAS,CREATED_AT,UPDATED_AT,KETIDAKSESUAIAN,TIDAK_SESUAI) values ('98','120','54','belum ada data pendukung',null,null,'akan lebih dioptimalkan kembali','efektif',to_timestamp('08-07-2022 15.43.20,343000000','DD-MM-RRRR HH24.MI.SSXFF'),to_timestamp('08-07-2022 15.43.20,343000000','DD-MM-RRRR HH24.MI.SSXFF'),'JJJ','1');
Insert into SIAMI.CHECKLIST_HAS_KRITERIA (ID,CHECKLIST_ID,KRITERIA_ID,KET_AUDITEE,DATA_PENDUKUNG,NILAI_AKHIR,TINDAK_LANJUT,TINJAUAN_EFEKTIVITAS,CREATED_AT,UPDATED_AT,KETIDAKSESUAIAN,TIDAK_SESUAI) values ('99','120','57','sedikit data pendukung',null,null,'tambahkan data pendukung','tidak efektif',to_timestamp('08-07-2022 15.43.20,348000000','DD-MM-RRRR HH24.MI.SSXFF'),to_timestamp('08-07-2022 15.43.20,348000000','DD-MM-RRRR HH24.MI.SSXFF'),'III','1');
Insert into SIAMI.CHECKLIST_HAS_KRITERIA (ID,CHECKLIST_ID,KRITERIA_ID,KET_AUDITEE,DATA_PENDUKUNG,NILAI_AKHIR,TINDAK_LANJUT,TINJAUAN_EFEKTIVITAS,CREATED_AT,UPDATED_AT,KETIDAKSESUAIAN,TIDAK_SESUAI) values ('100','120','58',null,null,null,null,'open',to_timestamp('08-07-2022 15.43.20,356000000','DD-MM-RRRR HH24.MI.SSXFF'),to_timestamp('08-07-2022 15.43.20,356000000','DD-MM-RRRR HH24.MI.SSXFF'),'HHH','1');
Insert into SIAMI.CHECKLIST_HAS_KRITERIA (ID,CHECKLIST_ID,KRITERIA_ID,KET_AUDITEE,DATA_PENDUKUNG,NILAI_AKHIR,TINDAK_LANJUT,TINJAUAN_EFEKTIVITAS,CREATED_AT,UPDATED_AT,KETIDAKSESUAIAN,TIDAK_SESUAI) values ('101','120','59',null,null,null,null,'efektif',to_timestamp('08-07-2022 15.43.20,361000000','DD-MM-RRRR HH24.MI.SSXFF'),to_timestamp('08-07-2022 15.43.20,361000000','DD-MM-RRRR HH24.MI.SSXFF'),'GGG','1');
Insert into SIAMI.CHECKLIST_HAS_KRITERIA (ID,CHECKLIST_ID,KRITERIA_ID,KET_AUDITEE,DATA_PENDUKUNG,NILAI_AKHIR,TINDAK_LANJUT,TINJAUAN_EFEKTIVITAS,CREATED_AT,UPDATED_AT,KETIDAKSESUAIAN,TIDAK_SESUAI) values ('102','120','60',null,null,null,null,null,to_timestamp('08-07-2022 15.43.20,366000000','DD-MM-RRRR HH24.MI.SSXFF'),to_timestamp('08-07-2022 15.43.20,366000000','DD-MM-RRRR HH24.MI.SSXFF'),'FFF','1');
Insert into SIAMI.CHECKLIST_HAS_KRITERIA (ID,CHECKLIST_ID,KRITERIA_ID,KET_AUDITEE,DATA_PENDUKUNG,NILAI_AKHIR,TINDAK_LANJUT,TINJAUAN_EFEKTIVITAS,CREATED_AT,UPDATED_AT,KETIDAKSESUAIAN,TIDAK_SESUAI) values ('103','120','61',null,null,null,null,null,to_timestamp('08-07-2022 15.43.20,371000000','DD-MM-RRRR HH24.MI.SSXFF'),to_timestamp('08-07-2022 15.43.20,371000000','DD-MM-RRRR HH24.MI.SSXFF'),'EEE','1');
Insert into SIAMI.CHECKLIST_HAS_KRITERIA (ID,CHECKLIST_ID,KRITERIA_ID,KET_AUDITEE,DATA_PENDUKUNG,NILAI_AKHIR,TINDAK_LANJUT,TINJAUAN_EFEKTIVITAS,CREATED_AT,UPDATED_AT,KETIDAKSESUAIAN,TIDAK_SESUAI) values ('154','138','53',null,null,null,null,null,to_timestamp('26-07-2022 14.24.34,319000000','DD-MM-RRRR HH24.MI.SSXFF'),to_timestamp('26-07-2022 14.24.34,319000000','DD-MM-RRRR HH24.MI.SSXFF'),null,null);
REM INSERTING into SIAMI.KRITERIA
SET DEFINE OFF;
Insert into SIAMI.KRITERIA (ID,STANDAR_ID,KODE,KRITERIA,KET_NILAI,CATATAN,CREATED_AT,UPDATED_AT,TAHUN) values ('63','67','K9','Kesesuaian bidang kerja lulusan saat mendapatkan pekerjaan pertama dalam 3 tahun dengan responden mulai dari TS-4 hingga TS-2 (PBS). &#13;&#10;Keterangan: Jumlah responden minimal 65 orang untuk Prodi D3, 80 orang untuk Prodi D4, 15 orang untuk Prodi S2 ','0 : PBS &amp;#60; 15% atau tidak memenuhi persyaratan minimal jumlah responden&amp;#13;&amp;#10;1 : 15% &le; PBS &amp;#60; 30%&amp;#13;&amp;#10;2 : 30% &le; PBS &amp;#60; 45%&amp;#13;&amp;#10;3 : 45% &le; PBS &amp;#60; 50%&amp;#13;&amp;#10;4 : PBS &ge; 50%','Menunjukkan data pendukung',to_timestamp('06-07-2022 11.05.57,721000000','DD-MM-RRRR HH24.MI.SSXFF'),to_timestamp('06-07-2022 11.05.57,721000000','DD-MM-RRRR HH24.MI.SSXFF'),'2022');
Insert into SIAMI.KRITERIA (ID,STANDAR_ID,KODE,KRITERIA,KET_NILAI,CATATAN,CREATED_AT,UPDATED_AT,TAHUN) values ('64','67','K10','Publikasi ilmiah mahasiswa yang dihasilkan secara  mandiri atau bersama DTPS dengan judul  yang relevan dengan bidang program studi &#13;&#10;Keterangan:&#13;&#10;RL = ((NA1 + NB1 + NC1) / NM) x 100% , RN = ((NA2 + NA3 + NB2 + NC2) / NM) x 100% , RI = ((NA4 + NB3 + NC3) / NM) x 100%&#13;&#10;Faktor: a = 1% , b = 10% , c = 50% (untuk Prodi D4);  a = 2% , b = 20% , c = 70% (untuk Prodi S2 Terapan); Tidak ada butir pertanyaan ini untuk D3&#13;&#10;NA1 = Jumlah publikasi mahasiswa di jurnal nasional tidak terakreditasi.&#13;&#10;NA2 = Jumlah publikasi mahasiswa di jurnal nasional terakreditasi.&#13;&#10;NA3 = Jumlah publikasi mahasiswa di jurnal internasional.&#13;&#10;NA4 = Jumlah publikasi mahasiswa di jurnal internasional bereputasi.&#13;&#10;NB1 = Jumlah publikasi mahasiswa di seminar wilayah/lokal/PT.&#13;&#10;NB2 = Jumlah publikasi mahasiswa di seminar nasional.&#13;&#10;NB3 = Jumlah publikasi mahasiswa di seminar internasional.&#13;&#10;NC1 = Jumlah pagelaran/pameran/presentasi mahasiswa dalam forum di tingkat wilayah.&#13;&#10;NC2 = Jumlah pagelaran/pameran/presentasi mahasiswa dalam forum di tingkat nasional.&#13;&#10;NC3 = Jumlah pagelaran/pameran/presentasi mahasiswa dalam forum di tingkat internasional.&#13;&#10;NM = Jumlah mahasiswa pada saat TS','0 - 1 : &amp;#13;&amp;#10;Jika RI = 0 dan RN = 0 dan RL &ge; c , maka Skor = 2&amp;#13;&amp;#10;Jika RI = 0 dan RN = 0 dan RL &amp;#60; c , maka Skor = (2 x RL) / c&amp;#13;&amp;#10;&amp;#13;&amp;#10;2 - 3 :&amp;#13;&amp;#10;Jika RI &amp;#60; a dan RN &ge; b, maka Skor = 3 + (RI / a)&amp;#13;&amp;#10;Jika 0 &amp;#60; RI &amp;#60; a dan 0 &amp;#60; RN &amp;#60; b , maka Skor = 2 + (2 x (RI/a)) + (RN/b) - ((RI x RN)/(a x b))&amp;#13;&amp;#10;&amp;#13;&amp;#10;4 : RI &ge; a','Menunjukkan data pendukung',to_timestamp('06-07-2022 11.07.45,998000000','DD-MM-RRRR HH24.MI.SSXFF'),to_timestamp('06-07-2022 11.07.45,998000000','DD-MM-RRRR HH24.MI.SSXFF'),'2022');
Insert into SIAMI.KRITERIA (ID,STANDAR_ID,KODE,KRITERIA,KET_NILAI,CATATAN,CREATED_AT,UPDATED_AT,TAHUN) values ('69','69','K15','Memiliki dokumen RPS untuk setiap mata kuliah sesuai dengan format dan konten yang telah ditetapkan. ','0 : &amp;#60;61% mata kuliah memiliki RPS&amp;#13;&amp;#10;1 : 61%-70% mata kuliah memiliki RPS&amp;#13;&amp;#10;2 : 71%-80% mata kuliah memiliki RPS&amp;#13;&amp;#10;3 : 81%-99% mata kuliah memiliki RPS&amp;#13;&amp;#10;4 : 100% mata kuliah memiliki RPS','Menunjukkan RPS',to_timestamp('06-07-2022 11.17.26,739000000','DD-MM-RRRR HH24.MI.SSXFF'),to_timestamp('06-07-2022 11.17.26,739000000','DD-MM-RRRR HH24.MI.SSXFF'),'2022');
Insert into SIAMI.KRITERIA (ID,STANDAR_ID,KODE,KRITERIA,KET_NILAI,CATATAN,CREATED_AT,UPDATED_AT,TAHUN) values ('70','69','K16','RPS dapat diakses oleh mahasiswa','0 : Tidak dapat diakses oleh mahasiswa&amp;#13;&amp;#10;4 : Dapat diakses oleh mahasiswa',null,to_timestamp('06-07-2022 11.17.57,433000000','DD-MM-RRRR HH24.MI.SSXFF'),to_timestamp('06-07-2022 11.17.57,433000000','DD-MM-RRRR HH24.MI.SSXFF'),'2022');
Insert into SIAMI.KRITERIA (ID,STANDAR_ID,KODE,KRITERIA,KET_NILAI,CATATAN,CREATED_AT,UPDATED_AT,TAHUN) values ('71','69','K17','Content yang disampaikan pada PBM sesuai dengan RPS dibuktikan dengan Laporan Kinerja PBM','0 : tidak menunjukkan bukti sama sekali&amp;#13;&amp;#10;1 : Sampel &ge; 4-5 evaluasi kinerja sama dengan RPS&amp;#13;&amp;#10;2 : Sampel &ge; 6-7 evaluasi kinerja sama dengan RPS&amp;#13;&amp;#10;3 : Sampel &ge; 8-9 evaluasi kinerja sama dengan RPS&amp;#13;&amp;#10;4 : Sampel &ge; 10 evaluasi kinerja sama dengan RPS','Menunjukkan Kinerja PBM',to_timestamp('06-07-2022 11.18.44,259000000','DD-MM-RRRR HH24.MI.SSXFF'),to_timestamp('06-07-2022 11.18.44,259000000','DD-MM-RRRR HH24.MI.SSXFF'),'2022');
Insert into SIAMI.KRITERIA (ID,STANDAR_ID,KODE,KRITERIA,KET_NILAI,CATATAN,CREATED_AT,UPDATED_AT,TAHUN) values ('72','69','K18','Pemantauan PBM dilaksanakan secara berkala oleh program studi, dibuktikan dengan: &#13;&#10;1) agenda rapat prodi, &#13;&#10;2) notulensi rapat prodi','0 : tidak ada bukti&amp;#13;&amp;#10;3 : ada 1 sampel bukti&amp;#13;&amp;#10;4 : ada sampel dari 2 macam bukti',null,to_timestamp('06-07-2022 11.19.42,849000000','DD-MM-RRRR HH24.MI.SSXFF'),to_timestamp('06-07-2022 11.19.42,849000000','DD-MM-RRRR HH24.MI.SSXFF'),'2022');
Insert into SIAMI.KRITERIA (ID,STANDAR_ID,KODE,KRITERIA,KET_NILAI,CATATAN,CREATED_AT,UPDATED_AT,TAHUN) values ('73','69','K19','Evaluasi untuk meninjau ulang Rencana Pembelajaran Semester (RPS) secara berkala ','0 : tidak menunjukkan bukti sama sekali&amp;#13;&amp;#10;4 : Menunjukkan bukti notulensi tentang tinjau ulang RPS',null,to_timestamp('06-07-2022 11.20.53,818000000','DD-MM-RRRR HH24.MI.SSXFF'),to_timestamp('06-07-2022 11.20.53,818000000','DD-MM-RRRR HH24.MI.SSXFF'),'2022');
Insert into SIAMI.KRITERIA (ID,STANDAR_ID,KODE,KRITERIA,KET_NILAI,CATATAN,CREATED_AT,UPDATED_AT,TAHUN) values ('74','69','K20','Evaluasi TPPA, mencakup: &#13;&#10;1) pedoman yang ditetapkan institusi, &#13;&#10;2) sampel nilai pembimbing dan penguji TPPA, &#13;&#10;3) sampel saran penguji, 4) sampel telah melaksanakan revisi','0 : Tidak ada bukti&amp;#13;&amp;#10;1 : Ada satu bukti&amp;#13;&amp;#10;2 : Ada dua bukti&amp;#13;&amp;#10;3 : Ada tiga bukti&amp;#13;&amp;#10;4 : Ada empat bukti',null,to_timestamp('06-07-2022 11.22.06,017000000','DD-MM-RRRR HH24.MI.SSXFF'),to_timestamp('06-07-2022 11.22.06,017000000','DD-MM-RRRR HH24.MI.SSXFF'),'2022');
Insert into SIAMI.KRITERIA (ID,STANDAR_ID,KODE,KRITERIA,KET_NILAI,CATATAN,CREATED_AT,UPDATED_AT,TAHUN) values ('75','69','K21','Evaluasi PA, mencakup: 1) pedoman yang ditetapkan institusi, 2) sampel nilai pembimbing dan penguji PA, 3) sampel saran penguji, 4) sampel telah melaksanakan revisi','0 : Tidak ada bukti&amp;#13;&amp;#10;1 : Ada satu bukti&amp;#13;&amp;#10;2 : Ada dua bukti&amp;#13;&amp;#10;3 : Ada tiga bukti&amp;#13;&amp;#10;4 : Ada empat bukti',null,to_timestamp('06-07-2022 11.22.52,030000000','DD-MM-RRRR HH24.MI.SSXFF'),to_timestamp('06-07-2022 11.22.52,030000000','DD-MM-RRRR HH24.MI.SSXFF'),'2022');
Insert into SIAMI.KRITERIA (ID,STANDAR_ID,KODE,KRITERIA,KET_NILAI,CATATAN,CREATED_AT,UPDATED_AT,TAHUN) values ('76','69','K22','Evaluasi KP, mencakup: &#13;&#10;1) pedoman yang ditetapkan institusi, &#13;&#10;2)  sampel nilai pembimbing industri, &#13;&#10;3) sampel nilai pembimbing PENS, &#13;&#10;4) sampel nilai penguji ','0 : Tidak ada bukti&amp;#13;&amp;#10;1 : Ada satu bukti&amp;#13;&amp;#10;2 : Ada dua bukti&amp;#13;&amp;#10;3 : Ada tiga bukti&amp;#13;&amp;#10;4 : Ada empat bukti',null,to_timestamp('06-07-2022 11.24.22,474000000','DD-MM-RRRR HH24.MI.SSXFF'),to_timestamp('06-07-2022 11.24.22,474000000','DD-MM-RRRR HH24.MI.SSXFF'),'2022');
Insert into SIAMI.KRITERIA (ID,STANDAR_ID,KODE,KRITERIA,KET_NILAI,CATATAN,CREATED_AT,UPDATED_AT,TAHUN) values ('77','70','K23','Dilengkapinya mata kuliah dengan rubrik/portofolio penilaian sebagai bukti bahwa mutu pelaksanaan penilaian pembelajaran untuk mengukur ketercapaian CP memenuhi prinsip penilaian di SN DIKTI ','0 : &amp;#60;10% mata kuliah yang memilki rubrik/portofolio penilaian&amp;#13;&amp;#10;1 : &ge; 10% matakuliah telah memiliki rubrik/portofolio penilaian&amp;#13;&amp;#10;2 : &ge; 30% matakuliah telah memiliki rubrik/portofolio penilaian&amp;#13;&amp;#10;3 : &ge; 50% matakuliah telah memiliki rubrik/portofolio penilaian&amp;#13;&amp;#10;4 : &ge; 70% matakuliah telah memiliki rubrik/portofolio penilaian','Menunjukkan Portofolio',to_timestamp('06-07-2022 11.27.15,276000000','DD-MM-RRRR HH24.MI.SSXFF'),to_timestamp('06-07-2022 11.27.15,276000000','DD-MM-RRRR HH24.MI.SSXFF'),'2022');
Insert into SIAMI.KRITERIA (ID,STANDAR_ID,KODE,KRITERIA,KET_NILAI,CATATAN,CREATED_AT,UPDATED_AT,TAHUN) values ('78','48','K24','Ketersediaan Dokumen Mutu Unit yang mencakup: (1) Visi Misi unit yang selaras dengan VMTS PENS; dan (2) Sasaran mutu unit.','0 : Tidak ada dokumen&amp;#13;&amp;#10;4 : Ada dokumen','menunjukkan Dokumen Mutu unit',to_timestamp('06-07-2022 12.21.24,593000000','DD-MM-RRRR HH24.MI.SSXFF'),to_timestamp('06-07-2022 12.21.24,593000000','DD-MM-RRRR HH24.MI.SSXFF'),'2022');
Insert into SIAMI.KRITERIA (ID,STANDAR_ID,KODE,KRITERIA,KET_NILAI,CATATAN,CREATED_AT,UPDATED_AT,TAHUN) values ('79','44','K25','Ketersedian: (1) Visi Misi; (2) Janji layanan; (3) Tupoksi; (4) POB sesuai tupoksi unit; dan (5) Standar Waktu Pelayanan sesuai dengan POB.','0 : Memenuhi 1 unsur&amp;#13;&amp;#10;1 : Memenuhi 2 unsur&amp;#13;&amp;#10;2 : Memenuhi 3 unsur&amp;#13;&amp;#10;3 : Memenuhi 4 unsur&amp;#13;&amp;#10;4 : Memenuhi 5 unsur','menunjukkan Dokumen Mutu unit',to_timestamp('06-07-2022 12.23.01,317000000','DD-MM-RRRR HH24.MI.SSXFF'),to_timestamp('06-07-2022 12.23.01,317000000','DD-MM-RRRR HH24.MI.SSXFF'),'2022');
Insert into SIAMI.KRITERIA (ID,STANDAR_ID,KODE,KRITERIA,KET_NILAI,CATATAN,CREATED_AT,UPDATED_AT,TAHUN) values ('80','44','K26','Butir nomor 3 mencakup: (1) tersedia di tempat kerja (Visi Misi, Janji layanan dan Tupoksi); (2) dipahami; (3) dilaksanakan; (4) dipantau dan dievaluasi pelaksanaannya; dan (5) upaya perbaikan mutu personal dalam melaksanakan tupoksi. ','0 : Memenuhi 1 unsur&amp;#13;&amp;#10;1 : Memenuhi 2 unsur&amp;#13;&amp;#10;2 : Memenuhi 3 unsur&amp;#13;&amp;#10;3 : Memenuhi 4 unsur&amp;#13;&amp;#10;4 : Memenuhi 5 unsur','menunjukkan bukti',to_timestamp('06-07-2022 12.23.51,623000000','DD-MM-RRRR HH24.MI.SSXFF'),to_timestamp('06-07-2022 12.23.51,623000000','DD-MM-RRRR HH24.MI.SSXFF'),'2022');
Insert into SIAMI.KRITERIA (ID,STANDAR_ID,KODE,KRITERIA,KET_NILAI,CATATAN,CREATED_AT,UPDATED_AT,TAHUN) values ('81','44','K27','Capaian program kerja sampai dengan evaluasi.','0 : &amp;#60; 40%&amp;#13;&amp;#10;1 : 40 - 59%&amp;#13;&amp;#10;2 : 60 - 79%&amp;#13;&amp;#10;3 : 80 - 99%&amp;#13;&amp;#10;4 : 100%','menunjukkan dokumen RKT dan Laporan kegiatan',to_timestamp('06-07-2022 12.24.57,469000000','DD-MM-RRRR HH24.MI.SSXFF'),to_timestamp('06-07-2022 12.24.57,469000000','DD-MM-RRRR HH24.MI.SSXFF'),'2022');
Insert into SIAMI.KRITERIA (ID,STANDAR_ID,KODE,KRITERIA,KET_NILAI,CATATAN,CREATED_AT,UPDATED_AT,TAHUN) values ('28','45','KTES1','Ketersedian: &#13;&#10;(1) Visi Misi; &#13;&#10;(2) Janji layanan; &#13;&#10;(3) Tupoksi; &#13;&#10;(4) POB sesuai tupoksi unit; dan &#13;&#10;(5) Standar Waktu Pelayanan sesuai dengan POB.','A','Menunjukkan Dokumen Mutu unit.',to_timestamp('19-06-2022 00.40.31,193000000','DD-MM-RRRR HH24.MI.SSXFF'),to_timestamp('19-06-2022 00.40.31,193000000','DD-MM-RRRR HH24.MI.SSXFF'),'2022');
Insert into SIAMI.KRITERIA (ID,STANDAR_ID,KODE,KRITERIA,KET_NILAI,CATATAN,CREATED_AT,UPDATED_AT,TAHUN) values ('82','44','K28','Capaian Sasaran Mutu tahun Evaluasi.','0 : &amp;#60;40% atau dokumen berisi sasaran mutu tidak ada&amp;#13;&amp;#10;1 : 40-59%&amp;#13;&amp;#10;2 : 60-79%&amp;#13;&amp;#10;3 : 80-99%&amp;#13;&amp;#10;4 : 100%','menunjukkan data pendukung',to_timestamp('06-07-2022 12.25.55,274000000','DD-MM-RRRR HH24.MI.SSXFF'),to_timestamp('06-07-2022 12.25.55,274000000','DD-MM-RRRR HH24.MI.SSXFF'),'2022');
Insert into SIAMI.KRITERIA (ID,STANDAR_ID,KODE,KRITERIA,KET_NILAI,CATATAN,CREATED_AT,UPDATED_AT,TAHUN) values ('29','48','KTES2','Kkoo&#13;&#10;Bop&#13;&#10;hihi','A','A',to_timestamp('19-06-2022 08.21.23,078000000','DD-MM-RRRR HH24.MI.SSXFF'),to_timestamp('19-06-2022 08.21.23,078000000','DD-MM-RRRR HH24.MI.SSXFF'),'2022');
Insert into SIAMI.KRITERIA (ID,STANDAR_ID,KODE,KRITERIA,KET_NILAI,CATATAN,CREATED_AT,UPDATED_AT,TAHUN) values ('48','45','KTES3','Ketersedian: &#13;&#10;(1) Visi Misi; &#13;&#10;(2) Janji layanan; &#13;&#10;(3) Tupoksi; &#13;&#10;(4) POB sesuai tupoksi unit; dan &#13;&#10;(5) Standar Waktu Pelayanan sesuai dengan POB.','A','Menunjukkan Dokumen Mutu unit.',to_timestamp('01-07-2022 21.54.53,031000000','DD-MM-RRRR HH24.MI.SSXFF'),to_timestamp('01-07-2022 21.54.53,031000000','DD-MM-RRRR HH24.MI.SSXFF'),'2021');
Insert into SIAMI.KRITERIA (ID,STANDAR_ID,KODE,KRITERIA,KET_NILAI,CATATAN,CREATED_AT,UPDATED_AT,TAHUN) values ('57','67','K3','Rata-rata IPK lulusan pada tahun akademik (RPIK) ','0 - Tidak ada skor kurang dari 2&amp;#13;&amp;#10;1 - Tidak ada skor kurang dari 2&amp;#13;&amp;#10;2 - 2,00 &le; RIPK &amp;#60; 2,75 dan 2,75 &le; RIPK &amp;#60; 3,00 &amp;#13;&amp;#10;3 - 2,75 &le; RIPK &amp;#60; 3,25 dan 3,00 &le; RIPK &amp;#60; 3,50  &amp;#13;&amp;#10;4 - RIPK &ge; 3,25 bagi Prodi D3 dan D4, serta RIPK &ge; 3,50 bagi Prodi S2 Terapan','Menunjukkan data pendukung',to_timestamp('06-07-2022 06.35.21,398000000','DD-MM-RRRR HH24.MI.SSXFF'),to_timestamp('06-07-2022 06.35.21,398000000','DD-MM-RRRR HH24.MI.SSXFF'),'2022');
Insert into SIAMI.KRITERIA (ID,STANDAR_ID,KODE,KRITERIA,KET_NILAI,CATATAN,CREATED_AT,UPDATED_AT,TAHUN) values ('83','44','K29','Identifikasi dan pengendalian risiko sesuai dengan format.','0 : Tidak memiliki dokumen&amp;#13;&amp;#10;2 : Ada dokumen manajemen risiko, tetapi tidak diperbaiki berkala&amp;#13;&amp;#10;4 : Ada dokumen manajemen risiko, dan diperbaiki berkala','menunjukkan dokumen manajemen risiko',to_timestamp('06-07-2022 12.26.49,823000000','DD-MM-RRRR HH24.MI.SSXFF'),to_timestamp('06-07-2022 12.26.49,823000000','DD-MM-RRRR HH24.MI.SSXFF'),'2022');
Insert into SIAMI.KRITERIA (ID,STANDAR_ID,KODE,KRITERIA,KET_NILAI,CATATAN,CREATED_AT,UPDATED_AT,TAHUN) values ('84','44','K30','Tersedianya sistem informasi untuk bidang kerjasama dan informasi.','0 : Tidak ada&amp;#13;&amp;#10;2 : Ada, belum lengkap&amp;#13;&amp;#10;4 : Ada, lengkap','menunjukkan data pendukung',to_timestamp('06-07-2022 12.29.07,635000000','DD-MM-RRRR HH24.MI.SSXFF'),to_timestamp('06-07-2022 12.29.07,635000000','DD-MM-RRRR HH24.MI.SSXFF'),'2022');
Insert into SIAMI.KRITERIA (ID,STANDAR_ID,KODE,KRITERIA,KET_NILAI,CATATAN,CREATED_AT,UPDATED_AT,TAHUN) values ('85','44','K31','Indeks Kepuasan Dosen dan Tenaga kependidikan terhadap layanan kepegawaian','0 : Tidak ada kuesioner kepuasan dosen dan tendik&amp;#13;&amp;#10;1 : Ada kuesioner kepuasan dosen ATAU kepuasan tendik&amp;#13;&amp;#10;2 : Ada kuesioner kepuasan  dosen dan tendik, dan nilai rata-rata &amp;#60; 2,75&amp;#13;&amp;#10;4 : Ada kuesioner kepuasan  dosen dan tendik, dan nilai rata-rata &ge; 2,75','menunjukkan data kuesioner  (skala 1-4)',to_timestamp('06-07-2022 12.29.45,966000000','DD-MM-RRRR HH24.MI.SSXFF'),to_timestamp('06-07-2022 12.29.45,966000000','DD-MM-RRRR HH24.MI.SSXFF'),'2022');
Insert into SIAMI.KRITERIA (ID,STANDAR_ID,KODE,KRITERIA,KET_NILAI,CATATAN,CREATED_AT,UPDATED_AT,TAHUN) values ('86','63','K32','Persentase Dosen Berkualifikasi S3','1 : di bawah nilai skor 4&amp;#13;&amp;#10;4 : 23,24%','menunjukkan data pendukung',to_timestamp('06-07-2022 12.30.50,984000000','DD-MM-RRRR HH24.MI.SSXFF'),to_timestamp('06-07-2022 12.30.50,984000000','DD-MM-RRRR HH24.MI.SSXFF'),'2022');
Insert into SIAMI.KRITERIA (ID,STANDAR_ID,KODE,KRITERIA,KET_NILAI,CATATAN,CREATED_AT,UPDATED_AT,TAHUN) values ('87','63','K33','Persentase Dosen yang Bersertifikat Pendidik','1 : di bawah nilai skor 4&amp;#13;&amp;#10;4 : 80,54%','menunjukkan data pendukung',to_timestamp('06-07-2022 12.31.54,887000000','DD-MM-RRRR HH24.MI.SSXFF'),to_timestamp('06-07-2022 12.31.54,887000000','DD-MM-RRRR HH24.MI.SSXFF'),'2022');
Insert into SIAMI.KRITERIA (ID,STANDAR_ID,KODE,KRITERIA,KET_NILAI,CATATAN,CREATED_AT,UPDATED_AT,TAHUN) values ('88','63','K34','Persentase dosen dengan jabatan lektor kepala','1 : di bawah nilai skor 4&amp;#13;&amp;#10;4 : 37,3%','menunjukkan data pendukung',to_timestamp('06-07-2022 12.33.10,917000000','DD-MM-RRRR HH24.MI.SSXFF'),to_timestamp('06-07-2022 12.33.10,917000000','DD-MM-RRRR HH24.MI.SSXFF'),'2022');
Insert into SIAMI.KRITERIA (ID,STANDAR_ID,KODE,KRITERIA,KET_NILAI,CATATAN,CREATED_AT,UPDATED_AT,TAHUN) values ('89','63','K35','Persentase dosen dengan jabatan guru besar','1 : di bawah nilai skor 4&amp;#13;&amp;#10;4 : 1,08%','menunjukkan data pendukung',to_timestamp('06-07-2022 12.34.20,365000000','DD-MM-RRRR HH24.MI.SSXFF'),to_timestamp('06-07-2022 12.34.20,365000000','DD-MM-RRRR HH24.MI.SSXFF'),'2022');
Insert into SIAMI.KRITERIA (ID,STANDAR_ID,KODE,KRITERIA,KET_NILAI,CATATAN,CREATED_AT,UPDATED_AT,TAHUN) values ('90','44','K36','Persentase dosen politeknik yang berasal dari industri','1 : di bawah nilai skor 4&amp;#13;&amp;#10;4 : 7,57%','menunjukkan data pendukung',to_timestamp('06-07-2022 12.35.31,603000000','DD-MM-RRRR HH24.MI.SSXFF'),to_timestamp('06-07-2022 12.35.31,603000000','DD-MM-RRRR HH24.MI.SSXFF'),'2022');
Insert into SIAMI.KRITERIA (ID,STANDAR_ID,KODE,KRITERIA,KET_NILAI,CATATAN,CREATED_AT,UPDATED_AT,TAHUN) values ('91','63','K37','Jumlah staf administrasi bersertifikat kompetensi','1 : di bawah nilai skor 4&amp;#13;&amp;#10;4 : ','menunjukkan data pendukung',to_timestamp('06-07-2022 12.36.21,078000000','DD-MM-RRRR HH24.MI.SSXFF'),to_timestamp('06-07-2022 12.36.21,078000000','DD-MM-RRRR HH24.MI.SSXFF'),'2022');
Insert into SIAMI.KRITERIA (ID,STANDAR_ID,KODE,KRITERIA,KET_NILAI,CATATAN,CREATED_AT,UPDATED_AT,TAHUN) values ('92','63','K38','Persentase Update Data terkait kepegawaian','1 : di bawah nilai skor 4&amp;#13;&amp;#10;4 : 100%','menunjukkan data pendukung',to_timestamp('06-07-2022 12.36.52,859000000','DD-MM-RRRR HH24.MI.SSXFF'),to_timestamp('06-07-2022 12.36.52,859000000','DD-MM-RRRR HH24.MI.SSXFF'),'2022');
Insert into SIAMI.KRITERIA (ID,STANDAR_ID,KODE,KRITERIA,KET_NILAI,CATATAN,CREATED_AT,UPDATED_AT,TAHUN) values ('93','63','K39','Persentase Update Data PDDIKTI terkait SDM','1 : di bawah nilai skor 4&amp;#13;&amp;#10;4 : 100%','menunjukkan data pendukung',to_timestamp('06-07-2022 12.37.41,965000000','DD-MM-RRRR HH24.MI.SSXFF'),to_timestamp('06-07-2022 12.37.41,965000000','DD-MM-RRRR HH24.MI.SSXFF'),'2022');
Insert into SIAMI.KRITERIA (ID,STANDAR_ID,KODE,KRITERIA,KET_NILAI,CATATAN,CREATED_AT,UPDATED_AT,TAHUN) values ('94','63','K40','Frekuensi pengingat kenaikan pangkat dan jabatan per tahun ','1 : di bawah nilai skor 4&amp;#13;&amp;#10;4 : 12','menunjukkan data pendukung',to_timestamp('06-07-2022 12.38.20,360000000','DD-MM-RRRR HH24.MI.SSXFF'),to_timestamp('06-07-2022 12.38.20,360000000','DD-MM-RRRR HH24.MI.SSXFF'),'2022');
Insert into SIAMI.KRITERIA (ID,STANDAR_ID,KODE,KRITERIA,KET_NILAI,CATATAN,CREATED_AT,UPDATED_AT,TAHUN) values ('95','63','K41','Persentase Pengumpulan SKP tepat waktu','1 : di bawah nilai skor 4&amp;#13;&amp;#10;4 : 100%','menunjukkan data pendukung',to_timestamp('06-07-2022 12.38.47,274000000','DD-MM-RRRR HH24.MI.SSXFF'),to_timestamp('06-07-2022 12.38.47,274000000','DD-MM-RRRR HH24.MI.SSXFF'),'2022');
Insert into SIAMI.KRITERIA (ID,STANDAR_ID,KODE,KRITERIA,KET_NILAI,CATATAN,CREATED_AT,UPDATED_AT,TAHUN) values ('96','63','K42','Persentase Pengumpulan BKD tepat waktu','&amp;#13;&amp;#10;1 : di bawah nilai skor 4&amp;#13;&amp;#10;4 : 100%','menunjukkan data pendukung',to_timestamp('06-07-2022 12.39.26,131000000','DD-MM-RRRR HH24.MI.SSXFF'),to_timestamp('06-07-2022 12.39.26,131000000','DD-MM-RRRR HH24.MI.SSXFF'),'2022');
Insert into SIAMI.KRITERIA (ID,STANDAR_ID,KODE,KRITERIA,KET_NILAI,CATATAN,CREATED_AT,UPDATED_AT,TAHUN) values ('97','63','K43','Persentase Implementasi SAWO','1 : di bawah nilai skor 4&amp;#13;&amp;#10;4 : 100%','menunjukkan data pendukung',to_timestamp('06-07-2022 12.39.49,134000000','DD-MM-RRRR HH24.MI.SSXFF'),to_timestamp('06-07-2022 12.39.49,134000000','DD-MM-RRRR HH24.MI.SSXFF'),'2022');
Insert into SIAMI.KRITERIA (ID,STANDAR_ID,KODE,KRITERIA,KET_NILAI,CATATAN,CREATED_AT,UPDATED_AT,TAHUN) values ('98','67','K1-21','Kesesuaian bidang kerja lulusan saat mendapatkan pekerjaan pertama dalam 3 tahun dengan responden mulai dari TS-4 hingga TS-2 (PBS). &#13;&#10;Keterangan: Jumlah responden minimal 65 orang untuk Prodi D3, 80 orang untuk Prodi D4, 15 orang untuk Prodi S2 ','0 : PBS &amp;#60; 15% atau tidak memenuhi persyaratan minimal jumlah responden&amp;#13;&amp;#10;1 : 15% &le; PBS &amp;#60; 30%&amp;#13;&amp;#10;2 : 30% &le; PBS &amp;#60; 45%&amp;#13;&amp;#10;3 : 45% &le; PBS &amp;#60; 50%&amp;#13;&amp;#10;4 : PBS &ge; 50%','Menunjukkan data pendukung',to_timestamp('07-07-2022 07.14.25,862000000','DD-MM-RRRR HH24.MI.SSXFF'),to_timestamp('07-07-2022 07.14.25,862000000','DD-MM-RRRR HH24.MI.SSXFF'),'2021');
Insert into SIAMI.KRITERIA (ID,STANDAR_ID,KODE,KRITERIA,KET_NILAI,CATATAN,CREATED_AT,UPDATED_AT,TAHUN) values ('59','67','K5','Prestasi mahasiswa di bidang non akademik.                                      (Keterangan: NI= Jumlah prestasi non akademik internasional; NN= Jumlah prestasi non akademik nasional; NW=jumlah prestasi nonakademik wilayah/lokal)&#13;&#10;(Tidak ada butir pertanyaan ini dalam Audit Prodi S2 Terapan)','0 : Tidak ada Prestasi&amp;#13;&amp;#10;1 : NW &ge; 1 &amp;#13;&amp;#10;2 : NN=1 atau NW &ge; 8, dan NN=1 atau NW &ge; 11&amp;#13;&amp;#10;3 : NN &ge; 4 atau  2 &le;NN &le;3  dan NW &ge; 1, dan NN &ge; 6 atau  4 &le;NN &le;5 dan NW &ge; 1 atau 2 &le;NN &le; 3 dan NW &ge; 2&amp;#13;&amp;#10;4 : NI &ge; 1 bagi Prodi D3, dan NI &ge; 1 bagi Prodi D4','Menunjukkan data pendukung',to_timestamp('06-07-2022 11.01.35,063000000','DD-MM-RRRR HH24.MI.SSXFF'),to_timestamp('06-07-2022 11.01.35,063000000','DD-MM-RRRR HH24.MI.SSXFF'),'2022');
Insert into SIAMI.KRITERIA (ID,STANDAR_ID,KODE,KRITERIA,KET_NILAI,CATATAN,CREATED_AT,UPDATED_AT,TAHUN) values ('60','67','K6','Rata-rata masa studi lulusan (MS)&#13;&#10;(Tidak ada butir pertanyaan ini dalam Audit Prodi S2 Terapan)','0 : MS &ge; 5 untuk Prodi D3 dan MS &ge; 6 untuk Prodi D4  &amp;#13;&amp;#10;1 : 4.5 &amp;#60; MS &le; 5 untuk Prodi D3 dan 5.5 &amp;#60; MS &le; 6 Prodi D4 &amp;#13;&amp;#10;2 : 4 &amp;#60; MS &le; 4.5 untuk Prodi D3 dan 5 &amp;#60; MS &le; 5.5 Prodi D4 &amp;#13;&amp;#10;3 : 3.5 &amp;#60; MS &le; 4 untuk Prodi D3 dan 4.5 &amp;#60; MS &le; 5 Prodi D4 &amp;#13;&amp;#10;4 : 3 &amp;#60; MS &le; 3,5 untuk Prodi D3 dan 4 &amp;#60; MS &le; 4,5 Prodi D4 ','Menunjukkan data pendukung',to_timestamp('06-07-2022 11.02.56,292000000','DD-MM-RRRR HH24.MI.SSXFF'),to_timestamp('06-07-2022 11.02.56,292000000','DD-MM-RRRR HH24.MI.SSXFF'),'2022');
Insert into SIAMI.KRITERIA (ID,STANDAR_ID,KODE,KRITERIA,KET_NILAI,CATATAN,CREATED_AT,UPDATED_AT,TAHUN) values ('58','67','K4','Prestasi mahasiswa di bidang akademik.&#13;&#10;(Keterangan: NI= Jumlah prestasi non akademik internasional; NN= Jumlah prestasi non akademik nasional; NW=jumlah prestasi nonakademik wilayah/lokal)','0 : Tidak ada Prestasi&amp;#13;&amp;#10;1 : NW &ge; 1 &amp;#13;&amp;#10;2 : NN=1 dan NW &ge; 1 atau NW &ge; 4 dan NN=1 dan NW &ge; 1 atau NW &ge; 6 dan NW &ge; 3 &amp;#13;&amp;#10;3 : NN &ge; 3 atau  NN=2 dan NW &ge; 1, dan NN &ge; 3 atau  NN=2 dan NW &ge; 2, dan NN &ge; 2 atau  NN=1 dan NW &ge; 1&amp;#13;&amp;#10;4 : NI &ge; 1 bagi Prodi D3, NI &ge; 1 bagi Prodi D4, dan NI &ge; 1 bagi Prodi S2 Terapan&amp;#13;&amp;#10;','Menunjukkan data pendukung',to_timestamp('06-07-2022 07.06.44,590000000','DD-MM-RRRR HH24.MI.SSXFF'),to_timestamp('06-07-2022 07.06.44,590000000','DD-MM-RRRR HH24.MI.SSXFF'),'2022');
Insert into SIAMI.KRITERIA (ID,STANDAR_ID,KODE,KRITERIA,KET_NILAI,CATATAN,CREATED_AT,UPDATED_AT,TAHUN) values ('53','67','K1','Kompetensi lulusan prodi dinyatakan dalam Pernyataan Capaian Pembelajaran Lulusan (CPL) Prodi yang dituangkan dalam sebuah Dokumen Kurikulum melalui prosedur: &#13;&#10;(1) Verifikasi dilakukan oleh verifikator yang ditunjuk oleh UP2AI; &#13;&#10;(2) Validasi dilakukan oleh Wadir 1 dan Ketua UP2AI; &#13;&#10;(3) Persetujuan dilakukan oleh Senat; &#13;&#10;(4) Pengesahan oleh Direktur','0 - Tidak ada bukti&amp;#13;&amp;#10;1 - Memenuhi 1 prosedur&amp;#13;&amp;#10;2 - Memenuhi 2 prosedur&amp;#13;&amp;#10;3 - Memenuhi 3 prosedur&amp;#13;&amp;#10;4 - Memenuhi 4 prosedur','Menunjukkan Dokumen Kurikulum Prodi yang didalamnya memuat kompetensi lulusan',to_timestamp('06-07-2022 06.18.39,832000000','DD-MM-RRRR HH24.MI.SSXFF'),to_timestamp('06-07-2022 06.18.39,832000000','DD-MM-RRRR HH24.MI.SSXFF'),'2022');
Insert into SIAMI.KRITERIA (ID,STANDAR_ID,KODE,KRITERIA,KET_NILAI,CATATAN,CREATED_AT,UPDATED_AT,TAHUN) values ('54','67','K2','Perumusan CPL mencakup unsur-unsur berikut: (1) diturunkan dari profil lulusan; (2) memenuhi level KKNI/SKNNI (memilki empat unsur CP, yaitu: sikap, ketrampilan umum, ketrampilan khusus, dan pengetahuan sesuai dengan jenjang kualifikasi pendidikan); (3) dimuatkhirkan secara berkala tiap 4 s.d 5 tahun bersamaan dengan evaluasi dan pemutakhiran kurikulum sesuai dengan perkembangan IPTEKS dan pengguna','0 - Tidak ada bukti&#13;&#10;2 - Rumusan CPL mencakup 1 unsur&#13;&#10;3 - Rumusan CPL mencakup 2 unsur&#13;&#10;4 - Rumusan CPL mencakup 3 unsur','Menunjukkan Dokumen Kurikulum Prodi yang didalamnya memuat kompetensi lulusan',to_timestamp('06-07-2022 06.19.24,343000000','DD-MM-RRRR HH24.MI.SSXFF'),to_timestamp('06-07-2022 06.19.24,343000000','DD-MM-RRRR HH24.MI.SSXFF'),'2022');
Insert into SIAMI.KRITERIA (ID,STANDAR_ID,KODE,KRITERIA,KET_NILAI,CATATAN,CREATED_AT,UPDATED_AT,TAHUN) values ('61','67','K7','Persentase kelulusan tepat waktu (PTW)','0 : PTW &amp;#60; 20%&amp;#13;&amp;#10;1 : 20% &le; PTW &amp;#60; 30%&amp;#13;&amp;#10;2 : 30% &le; PTW &amp;#60; 40%&amp;#13;&amp;#10;3 : 40% &le; PTW &amp;#60; 50%&amp;#13;&amp;#10;4 : PTW &ge; 50%','Menunjukkan data pendukung',to_timestamp('06-07-2022 11.03.57,706000000','DD-MM-RRRR HH24.MI.SSXFF'),to_timestamp('06-07-2022 11.03.57,706000000','DD-MM-RRRR HH24.MI.SSXFF'),'2022');
Insert into SIAMI.KRITERIA (ID,STANDAR_ID,KODE,KRITERIA,KET_NILAI,CATATAN,CREATED_AT,UPDATED_AT,TAHUN) values ('62','67','K8','Waktu tunggu lulusan untuk mendapatkan pekerjaan pertama dalam 3 tahun dengan responden mulai dari TS-4 hingga TS-2 (WT). Keterangan: Jumlah responden minimal 65 orang untuk Prodi D3, 80 orang untuk Prodi D4, 15 orang untuk Prodi S2 ','0 : WT &ge; 15 bulan atau tidak memenuhi persyaratan minimal jumlah responden&amp;#13;&amp;#10;1 : 12 bulan &le; WT &amp;#60; 15 bulan&amp;#13;&amp;#10;2 : 9 bulan &le; WT &amp;#60; 12 bulan&amp;#13;&amp;#10;3 : 6 bulan &le; WT &amp;#60; 9 bulan&amp;#13;&amp;#10;4 : WT &amp;#60; 6 bulan','Menunjukkan data pendukung',to_timestamp('06-07-2022 11.04.59,540000000','DD-MM-RRRR HH24.MI.SSXFF'),to_timestamp('06-07-2022 11.04.59,540000000','DD-MM-RRRR HH24.MI.SSXFF'),'2022');
Insert into SIAMI.KRITERIA (ID,STANDAR_ID,KODE,KRITERIA,KET_NILAI,CATATAN,CREATED_AT,UPDATED_AT,TAHUN) values ('65','67','K11','Produk/jasa karya mahasiswa, yang dihasilkan secara mandiri atau bersama DTPS, yang diadopsi oleh industri/masyarakat dalam tiga tahun terakhir. NAPJ = Jumlah produk/jasa karya mahasiswa yang diadopsi oleh industri/masyarakat dalam 3 tahun terakhir.&#13;&#10;(Tidak ada butir pertanyaan ini dalam Audit Prodi S2 Terapan)','2 : NAPJ = 0 &amp;#13;&amp;#10;3 : NAPJ = 1 &amp;#13;&amp;#10;4 : NAPJ &ge; 2 bagi Prodi D3 dan D4','Menunjukkan data pendukung',to_timestamp('06-07-2022 11.11.07,248000000','DD-MM-RRRR HH24.MI.SSXFF'),to_timestamp('06-07-2022 11.11.07,248000000','DD-MM-RRRR HH24.MI.SSXFF'),'2022');
Insert into SIAMI.KRITERIA (ID,STANDAR_ID,KODE,KRITERIA,KET_NILAI,CATATAN,CREATED_AT,UPDATED_AT,TAHUN) values ('66','67','K12','Luaran penelitian danPkM yang dihasilkan mahasiswa, baik secara mandiri atau bersama DTPS dalam 3 tahun terakhir (NLP).                      &#13;&#10;NLP = 2 x (NA + NB + NC) + ND&#13;&#10;NA = Jumlah luaran penelitian/PkM mahasiswa yang mendapat pengakuan HKI (Paten, Paten Sederhana)&#13;&#10;NB = Jumlah luaran penelitian/PkM mahasiswa yang mendapat pengakuan HKI (Hak Cipta, Desain Produk Industri, Perlindungan VarietasTanaman, Desain Tata Letak Sirkuit Terpadu, dll.)&#13;&#10;NC = Jumlah luaran penelitian/PkM mahasiswa dalam bentuk Teknologi Tepat Guna, Produk (Produk Terstandarisasi, Produk Tersertifikasi),&#13;&#10;Karya Seni, Rekayasa Sosial.&#13;&#10;ND = Jumlah luaran penelitian/PkM mahasiswa yang diterbitkan dalam bentuk Buku ber-ISBN, Book Chapter','0 - 1 : Tidak ada Skor kurang dari 2.&amp;#13;&amp;#10;2 - 3 : Jika NLP &amp;#60; 1 , maka Skor = 2 + (2 x NLP) &amp;#13;&amp;#10;4 : NLP &ge; 1','Menunjukkan data pendukung',to_timestamp('06-07-2022 11.12.56,721000000','DD-MM-RRRR HH24.MI.SSXFF'),to_timestamp('06-07-2022 11.12.56,721000000','DD-MM-RRRR HH24.MI.SSXFF'),'2022');
Insert into SIAMI.KRITERIA (ID,STANDAR_ID,KODE,KRITERIA,KET_NILAI,CATATAN,CREATED_AT,UPDATED_AT,TAHUN) values ('67','68','K13','Pemutakhiran isi pembelajaran mencakup unsur-unsur berikut: (1) pemilihan bahan kajian/evaluasi mata kuliah terhadap CPL; (2) Pembentukan/Rekontruksi Mata Kuliah dan penentuan SKS; (3) Penyusunan Struktur Kurikulum dan Struktur Mata Kuliah; (4)  dimuatkhirkan secara berkala tiap 4 s.d 5 tahun sesuai dengan perkembangan IPTEKS dan pengguna;','0 : Tidak ada bukti&amp;#13;&amp;#10;1 : Mencakup 1 unsur&amp;#13;&amp;#10;2 : Mencakup 2 unsur&amp;#13;&amp;#10;3 : Mencakup 3 unsur&amp;#13;&amp;#10;4 : Mencakup 4 unsur','Menunjukkan Dokumen Kurikulum Prodi dan dokumen pendukung',to_timestamp('06-07-2022 11.14.04,291000000','DD-MM-RRRR HH24.MI.SSXFF'),to_timestamp('06-07-2022 11.14.04,291000000','DD-MM-RRRR HH24.MI.SSXFF'),'2022');
Insert into SIAMI.KRITERIA (ID,STANDAR_ID,KODE,KRITERIA,KET_NILAI,CATATAN,CREATED_AT,UPDATED_AT,TAHUN) values ('68','68','K14','Pembelajaran yang dilaksanakan dalam bentuk praktikum, praktik studio, praktik bengkel, atau praktik lapangan (PJP).                                                                                    Keterangan:                                                                                                  JP = Jam pembelajaran praktikum, praktik studio, praktik bengkel, atau praktik lapangan (termasuk KKN)&#13;&#10;JB = Jam pembelajaran total selama masa pendidikan.&#13;&#10;PJP = (JP / JB) x 100%','0 - 3 : &amp;#13;&amp;#10;Jika PJP &amp;#60; 50% , maka Skor = 8 x PJP&amp;#13;&amp;#10;Jika PJP &amp;#60; 30% , maka Skor = (40 x PJP) / 3&amp;#13;&amp;#10;Tidak ada butir ini dalam Prodi S2 Terapan&amp;#13;&amp;#10;&amp;#13;&amp;#10;4 : &amp;#13;&amp;#10;PJP &ge; 50%  bagi Prodi D3 &amp;#13;&amp;#10;PJP &ge; 30%  bagi Prodi D4 &amp;#13;&amp;#10;Tidak ada butir ini dalam Prodi S2 Terapan',null,to_timestamp('06-07-2022 11.14.52,446000000','DD-MM-RRRR HH24.MI.SSXFF'),to_timestamp('06-07-2022 11.14.52,446000000','DD-MM-RRRR HH24.MI.SSXFF'),'2022');
REM INSERTING into SIAMI.ROLE
SET DEFINE OFF;
Insert into SIAMI.ROLE (ID,ROLE,DESKRIPSI,CREATED_AT,UPDATED_AT) values ('3','Auditee','Auditee dong',to_timestamp('04-06-2022 11.45.23,916000000','DD-MM-RRRR HH24.MI.SSXFF'),to_timestamp('04-06-2022 11.45.23,916000000','DD-MM-RRRR HH24.MI.SSXFF'));
Insert into SIAMI.ROLE (ID,ROLE,DESKRIPSI,CREATED_AT,UPDATED_AT) values ('1','SPM','SPM dong',to_timestamp('24-04-2022 15.38.07,552000000','DD-MM-RRRR HH24.MI.SSXFF'),to_timestamp('24-04-2022 15.38.07,552000000','DD-MM-RRRR HH24.MI.SSXFF'));
Insert into SIAMI.ROLE (ID,ROLE,DESKRIPSI,CREATED_AT,UPDATED_AT) values ('2','Auditor','Auditor dong',to_timestamp('24-04-2022 15.38.21,204000000','DD-MM-RRRR HH24.MI.SSXFF'),to_timestamp('24-04-2022 15.38.21,204000000','DD-MM-RRRR HH24.MI.SSXFF'));
REM INSERTING into SIAMI.SPM
SET DEFINE OFF;
Insert into SIAMI.SPM (USER_ID,USER_TYPE,CREATED_AT,UPDATED_AT) values ('151','1',to_timestamp('07-07-2022 10.49.37,681000000','DD-MM-RRRR HH24.MI.SSXFF'),to_timestamp('07-07-2022 10.49.37,681000000','DD-MM-RRRR HH24.MI.SSXFF'));
Insert into SIAMI.SPM (USER_ID,USER_TYPE,CREATED_AT,UPDATED_AT) values ('50','1',to_timestamp('25-05-2022 22.44.29,354000000','DD-MM-RRRR HH24.MI.SSXFF'),to_timestamp('25-05-2022 22.44.58,414000000','DD-MM-RRRR HH24.MI.SSXFF'));
REM INSERTING into SIAMI.STANDAR
SET DEFINE OFF;
Insert into SIAMI.STANDAR (ID,KODE,STANDAR,CREATED_AT,UPDATED_AT,TAHUN) values ('73','S1-21','Kompetensi Lulusan',to_timestamp('07-07-2022 07.51.21,297000000','DD-MM-RRRR HH24.MI.SSXFF'),to_timestamp('07-07-2022 07.51.21,297000000','DD-MM-RRRR HH24.MI.SSXFF'),'2021');
Insert into SIAMI.STANDAR (ID,KODE,STANDAR,CREATED_AT,UPDATED_AT,TAHUN) values ('48','S1','Visi Misi',to_timestamp('17-06-2022 16.35.19,195000000','DD-MM-RRRR HH24.MI.SSXFF'),to_timestamp('17-06-2022 16.35.19,195000000','DD-MM-RRRR HH24.MI.SSXFF'),'2022');
Insert into SIAMI.STANDAR (ID,KODE,STANDAR,CREATED_AT,UPDATED_AT,TAHUN) values ('44','S2','Tata Pamong dan Tata Kelola',to_timestamp('17-06-2022 16.33.10,196000000','DD-MM-RRRR HH24.MI.SSXFF'),to_timestamp('17-06-2022 16.33.10,196000000','DD-MM-RRRR HH24.MI.SSXFF'),'2022');
Insert into SIAMI.STANDAR (ID,KODE,STANDAR,CREATED_AT,UPDATED_AT,TAHUN) values ('46','S3','Kerjasama',to_timestamp('17-06-2022 16.34.31,327000000','DD-MM-RRRR HH24.MI.SSXFF'),to_timestamp('17-06-2022 16.34.31,327000000','DD-MM-RRRR HH24.MI.SSXFF'),'2022');
Insert into SIAMI.STANDAR (ID,KODE,STANDAR,CREATED_AT,UPDATED_AT,TAHUN) values ('45','S4','Mahasiswa',to_timestamp('17-06-2022 16.33.26,407000000','DD-MM-RRRR HH24.MI.SSXFF'),to_timestamp('17-06-2022 16.33.26,407000000','DD-MM-RRRR HH24.MI.SSXFF'),'2022');
Insert into SIAMI.STANDAR (ID,KODE,STANDAR,CREATED_AT,UPDATED_AT,TAHUN) values ('47','S5','Hasil Penelitian dan Pengabdian kepada Masyarakat (PkM)',to_timestamp('17-06-2022 16.34.56,416000000','DD-MM-RRRR HH24.MI.SSXFF'),to_timestamp('17-06-2022 16.34.56,416000000','DD-MM-RRRR HH24.MI.SSXFF'),'2022');
Insert into SIAMI.STANDAR (ID,KODE,STANDAR,CREATED_AT,UPDATED_AT,TAHUN) values ('52','S6','Isi Penelitian dan Pengabdian kepada Masyarakat (PkM)',to_timestamp('17-06-2022 17.08.10,096000000','DD-MM-RRRR HH24.MI.SSXFF'),to_timestamp('17-06-2022 17.08.10,096000000','DD-MM-RRRR HH24.MI.SSXFF'),'2022');
Insert into SIAMI.STANDAR (ID,KODE,STANDAR,CREATED_AT,UPDATED_AT,TAHUN) values ('53','S7','Proses Penelitian dan Pengabdian kepada Masyarakat (PkM)',to_timestamp('17-06-2022 17.13.08,929000000','DD-MM-RRRR HH24.MI.SSXFF'),to_timestamp('17-06-2022 17.13.08,929000000','DD-MM-RRRR HH24.MI.SSXFF'),'2022');
Insert into SIAMI.STANDAR (ID,KODE,STANDAR,CREATED_AT,UPDATED_AT,TAHUN) values ('54','S8','Penilaian Penelitian dan Pengabdian kepada Masyarakat (PkM)',to_timestamp('17-06-2022 17.13.36,303000000','DD-MM-RRRR HH24.MI.SSXFF'),to_timestamp('17-06-2022 17.13.36,303000000','DD-MM-RRRR HH24.MI.SSXFF'),'2022');
Insert into SIAMI.STANDAR (ID,KODE,STANDAR,CREATED_AT,UPDATED_AT,TAHUN) values ('55','S9','Peneliti dan Pelaksana PkM',to_timestamp('17-06-2022 17.13.48,329000000','DD-MM-RRRR HH24.MI.SSXFF'),to_timestamp('17-06-2022 17.13.48,329000000','DD-MM-RRRR HH24.MI.SSXFF'),'2022');
Insert into SIAMI.STANDAR (ID,KODE,STANDAR,CREATED_AT,UPDATED_AT,TAHUN) values ('56','S10','Pengelolaan Penelitian dan PKM',to_timestamp('17-06-2022 17.14.15,590000000','DD-MM-RRRR HH24.MI.SSXFF'),to_timestamp('17-06-2022 17.14.15,590000000','DD-MM-RRRR HH24.MI.SSXFF'),'2022');
Insert into SIAMI.STANDAR (ID,KODE,STANDAR,CREATED_AT,UPDATED_AT,TAHUN) values ('57','S11','Pembiayaan dan Pendanaan Penelitian dan PkM',to_timestamp('17-06-2022 17.14.41,466000000','DD-MM-RRRR HH24.MI.SSXFF'),to_timestamp('17-06-2022 17.14.41,466000000','DD-MM-RRRR HH24.MI.SSXFF'),'2022');
Insert into SIAMI.STANDAR (ID,KODE,STANDAR,CREATED_AT,UPDATED_AT,TAHUN) values ('63','S12','Dosen dan Tenaga Kependidikan',to_timestamp('05-07-2022 18.08.57,635000000','DD-MM-RRRR HH24.MI.SSXFF'),to_timestamp('05-07-2022 18.08.57,635000000','DD-MM-RRRR HH24.MI.SSXFF'),'2022');
Insert into SIAMI.STANDAR (ID,KODE,STANDAR,CREATED_AT,UPDATED_AT,TAHUN) values ('64','S13','Pengelolaan Pembelajaran',to_timestamp('05-07-2022 18.08.57,676000000','DD-MM-RRRR HH24.MI.SSXFF'),to_timestamp('05-07-2022 18.08.57,676000000','DD-MM-RRRR HH24.MI.SSXFF'),'2022');
Insert into SIAMI.STANDAR (ID,KODE,STANDAR,CREATED_AT,UPDATED_AT,TAHUN) values ('65','S14','Sarana Prasarana Pembelajaran',to_timestamp('05-07-2022 18.08.57,681000000','DD-MM-RRRR HH24.MI.SSXFF'),to_timestamp('05-07-2022 18.08.57,681000000','DD-MM-RRRR HH24.MI.SSXFF'),'2022');
Insert into SIAMI.STANDAR (ID,KODE,STANDAR,CREATED_AT,UPDATED_AT,TAHUN) values ('66','S15','Pembiayaan Pembelajaran',to_timestamp('05-07-2022 18.08.57,687000000','DD-MM-RRRR HH24.MI.SSXFF'),to_timestamp('05-07-2022 18.08.57,687000000','DD-MM-RRRR HH24.MI.SSXFF'),'2022');
Insert into SIAMI.STANDAR (ID,KODE,STANDAR,CREATED_AT,UPDATED_AT,TAHUN) values ('67','S16','Kompetensi Lulusan',to_timestamp('05-07-2022 18.19.15,656000000','DD-MM-RRRR HH24.MI.SSXFF'),to_timestamp('05-07-2022 18.19.15,656000000','DD-MM-RRRR HH24.MI.SSXFF'),'2022');
Insert into SIAMI.STANDAR (ID,KODE,STANDAR,CREATED_AT,UPDATED_AT,TAHUN) values ('68','S17','Isi Pembelajaran (Kurikulum)',to_timestamp('05-07-2022 18.19.15,658000000','DD-MM-RRRR HH24.MI.SSXFF'),to_timestamp('05-07-2022 18.19.15,658000000','DD-MM-RRRR HH24.MI.SSXFF'),'2022');
Insert into SIAMI.STANDAR (ID,KODE,STANDAR,CREATED_AT,UPDATED_AT,TAHUN) values ('69','S18','Proses Pembelajaran',to_timestamp('05-07-2022 18.19.15,659000000','DD-MM-RRRR HH24.MI.SSXFF'),to_timestamp('05-07-2022 18.19.15,659000000','DD-MM-RRRR HH24.MI.SSXFF'),'2022');
Insert into SIAMI.STANDAR (ID,KODE,STANDAR,CREATED_AT,UPDATED_AT,TAHUN) values ('70','S19','Penilaian Pembelajaran',to_timestamp('05-07-2022 18.19.15,661000000','DD-MM-RRRR HH24.MI.SSXFF'),to_timestamp('05-07-2022 18.19.15,661000000','DD-MM-RRRR HH24.MI.SSXFF'),'2022');
Insert into SIAMI.STANDAR (ID,KODE,STANDAR,CREATED_AT,UPDATED_AT,TAHUN) values ('71','S20','Sarana dan Prasarana Pembelajaran, Penelitian, dan Pengabdian kepada Masyarakat (PkM)',to_timestamp('05-07-2022 18.19.15,663000000','DD-MM-RRRR HH24.MI.SSXFF'),to_timestamp('05-07-2022 18.19.15,663000000','DD-MM-RRRR HH24.MI.SSXFF'),'2022');
Insert into SIAMI.STANDAR (ID,KODE,STANDAR,CREATED_AT,UPDATED_AT,TAHUN) values ('75','S112','Standar1',to_timestamp('12-07-2022 16.13.34,287000000','DD-MM-RRRR HH24.MI.SSXFF'),to_timestamp('12-07-2022 16.13.34,287000000','DD-MM-RRRR HH24.MI.SSXFF'),'2022');
Insert into SIAMI.STANDAR (ID,KODE,STANDAR,CREATED_AT,UPDATED_AT,TAHUN) values ('74','kode1','standar1',to_timestamp('09-07-2022 11.37.06,660000000','DD-MM-RRRR HH24.MI.SSXFF'),to_timestamp('09-07-2022 11.37.06,660000000','DD-MM-RRRR HH24.MI.SSXFF'),'2022');
REM INSERTING into SIAMI.STATUS
SET DEFINE OFF;
Insert into SIAMI.STATUS (ID,STATUS,CREATED_AT,UPDATED_AT) values ('1','In Progress',to_timestamp('25-05-2022 22.46.49,208000000','DD-MM-RRRR HH24.MI.SSXFF'),to_timestamp('25-05-2022 22.46.49,208000000','DD-MM-RRRR HH24.MI.SSXFF'));
Insert into SIAMI.STATUS (ID,STATUS,CREATED_AT,UPDATED_AT) values ('2','Submitted',to_timestamp('28-06-2022 02.33.26,297000000','DD-MM-RRRR HH24.MI.SSXFF'),to_timestamp('28-06-2022 02.33.26,297000000','DD-MM-RRRR HH24.MI.SSXFF'));
Insert into SIAMI.STATUS (ID,STATUS,CREATED_AT,UPDATED_AT) values ('3','Auditted',to_timestamp('28-06-2022 02.33.57,259000000','DD-MM-RRRR HH24.MI.SSXFF'),to_timestamp('28-06-2022 02.33.57,259000000','DD-MM-RRRR HH24.MI.SSXFF'));
Insert into SIAMI.STATUS (ID,STATUS,CREATED_AT,UPDATED_AT) values ('4','In RTM',to_timestamp('28-06-2022 16.00.44,613000000','DD-MM-RRRR HH24.MI.SSXFF'),to_timestamp('28-06-2022 16.00.44,613000000','DD-MM-RRRR HH24.MI.SSXFF'));
Insert into SIAMI.STATUS (ID,STATUS,CREATED_AT,UPDATED_AT) values ('5','RTM Submitted',to_timestamp('28-06-2022 16.01.35,386000000','DD-MM-RRRR HH24.MI.SSXFF'),to_timestamp('28-06-2022 16.01.35,386000000','DD-MM-RRRR HH24.MI.SSXFF'));
Insert into SIAMI.STATUS (ID,STATUS,CREATED_AT,UPDATED_AT) values ('6','Done',to_timestamp('05-07-2022 12.52.44,760000000','DD-MM-RRRR HH24.MI.SSXFF'),to_timestamp('05-07-2022 12.52.44,760000000','DD-MM-RRRR HH24.MI.SSXFF'));
REM INSERTING into SIAMI.USER_DETAILS
SET DEFINE OFF;
Insert into SIAMI.USER_DETAILS (ID,NET_ID,ROLE_ID,AREA_ID,TELP,JABATAN,TAHUN,CREATED_AT,UPDATED_AT,USER_TYPE) values ('143','auditor2-it22@pens.com','2','20','085784166229','Dosen','2022',to_timestamp('06-07-2022 17.31.21,588000000','DD-MM-RRRR HH24.MI.SSXFF'),to_timestamp('06-07-2022 17.31.21,588000000','DD-MM-RRRR HH24.MI.SSXFF'),'2');
Insert into SIAMI.USER_DETAILS (ID,NET_ID,ROLE_ID,AREA_ID,TELP,JABATAN,TAHUN,CREATED_AT,UPDATED_AT,USER_TYPE) values ('145','auditee1-it21@pens.com','3','20','085784166229','Dosen','2021',to_timestamp('07-07-2022 10.45.54,494000000','DD-MM-RRRR HH24.MI.SSXFF'),to_timestamp('07-07-2022 10.45.54,494000000','DD-MM-RRRR HH24.MI.SSXFF'),'3');
Insert into SIAMI.USER_DETAILS (ID,NET_ID,ROLE_ID,AREA_ID,TELP,JABATAN,TAHUN,CREATED_AT,UPDATED_AT,USER_TYPE) values ('146','auditee2-it21@pens.com','3','20','085784166229','Dosen','2021',to_timestamp('07-07-2022 10.46.20,514000000','DD-MM-RRRR HH24.MI.SSXFF'),to_timestamp('07-07-2022 10.46.20,514000000','DD-MM-RRRR HH24.MI.SSXFF'),'3');
Insert into SIAMI.USER_DETAILS (ID,NET_ID,ROLE_ID,AREA_ID,TELP,JABATAN,TAHUN,CREATED_AT,UPDATED_AT,USER_TYPE) values ('150','auditor1-it21@pens.com','2','20','085784166229','Dosen','2021',to_timestamp('07-07-2022 10.48.58,970000000','DD-MM-RRRR HH24.MI.SSXFF'),to_timestamp('07-07-2022 10.48.58,970000000','DD-MM-RRRR HH24.MI.SSXFF'),'2');
Insert into SIAMI.USER_DETAILS (ID,NET_ID,ROLE_ID,AREA_ID,TELP,JABATAN,TAHUN,CREATED_AT,UPDATED_AT,USER_TYPE) values ('149','auditor2-it21@pens.com','2','20','085784166229','Dosen','2021',to_timestamp('07-07-2022 10.48.07,533000000','DD-MM-RRRR HH24.MI.SSXFF'),to_timestamp('07-07-2022 10.48.07,533000000','DD-MM-RRRR HH24.MI.SSXFF'),'2');
Insert into SIAMI.USER_DETAILS (ID,NET_ID,ROLE_ID,AREA_ID,TELP,JABATAN,TAHUN,CREATED_AT,UPDATED_AT,USER_TYPE) values ('151','spm2021@pens.com','1','20','085784166229','Kepala Program Studi','2021',to_timestamp('07-07-2022 10.49.37,656000000','DD-MM-RRRR HH24.MI.SSXFF'),to_timestamp('07-07-2022 10.49.37,656000000','DD-MM-RRRR HH24.MI.SSXFF'),'1');
Insert into SIAMI.USER_DETAILS (ID,NET_ID,ROLE_ID,AREA_ID,TELP,JABATAN,TAHUN,CREATED_AT,UPDATED_AT,USER_TYPE) values ('161','auditor3-it22@pens.com','2','20','085784166229','Dosen','2022',to_timestamp('22-07-2022 16.04.30,871000000','DD-MM-RRRR HH24.MI.SSXFF'),to_timestamp('22-07-2022 16.04.30,871000000','DD-MM-RRRR HH24.MI.SSXFF'),'2');
Insert into SIAMI.USER_DETAILS (ID,NET_ID,ROLE_ID,AREA_ID,TELP,JABATAN,TAHUN,CREATED_AT,UPDATED_AT,USER_TYPE) values ('50','carissafarry@gmail.com','1','20','085784166229','Kepala Internal ','2022',to_timestamp('15-05-2022 10.58.12,084000000','DD-MM-RRRR HH24.MI.SSXFF'),to_timestamp('15-05-2022 10.58.12,084000000','DD-MM-RRRR HH24.MI.SSXFF'),'1');
Insert into SIAMI.USER_DETAILS (ID,NET_ID,ROLE_ID,AREA_ID,TELP,JABATAN,TAHUN,CREATED_AT,UPDATED_AT,USER_TYPE) values ('157','auditee1-it22@pens.com','3','20','085784166229','Dosen','2022',to_timestamp('13-07-2022 02.47.57,225000000','DD-MM-RRRR HH24.MI.SSXFF'),to_timestamp('13-07-2022 02.47.57,225000000','DD-MM-RRRR HH24.MI.SSXFF'),'3');
Insert into SIAMI.USER_DETAILS (ID,NET_ID,ROLE_ID,AREA_ID,TELP,JABATAN,TAHUN,CREATED_AT,UPDATED_AT,USER_TYPE) values ('158','auditee2-it22@pens.com','3','20','085784166229','Dosen','2022',to_timestamp('13-07-2022 02.48.16,528000000','DD-MM-RRRR HH24.MI.SSXFF'),to_timestamp('13-07-2022 02.48.16,528000000','DD-MM-RRRR HH24.MI.SSXFF'),'3');
Insert into SIAMI.USER_DETAILS (ID,NET_ID,ROLE_ID,AREA_ID,TELP,JABATAN,TAHUN,CREATED_AT,UPDATED_AT,USER_TYPE) values ('156','auditor1-it22@pens.com','2','20','085784166229','Dosen','2022',to_timestamp('13-07-2022 02.47.29,340000000','DD-MM-RRRR HH24.MI.SSXFF'),to_timestamp('13-07-2022 02.47.29,340000000','DD-MM-RRRR HH24.MI.SSXFF'),'2');
--------------------------------------------------------
--  DDL for Index AMI_PK
--------------------------------------------------------

  CREATE UNIQUE INDEX "SIAMI"."AMI_PK" ON "SIAMI"."AMI" ("ID") 
  PCTFREE 10 INITRANS 2 MAXTRANS 255 COMPUTE STATISTICS 
  STORAGE(INITIAL 65536 NEXT 1048576 MINEXTENTS 1 MAXEXTENTS 2147483645
  PCTINCREASE 0 FREELISTS 1 FREELIST GROUPS 1 BUFFER_POOL DEFAULT FLASH_CACHE DEFAULT CELL_FLASH_CACHE DEFAULT)
  TABLESPACE "USERS" ;
--------------------------------------------------------
--  DDL for Index AMI_UK1
--------------------------------------------------------

  CREATE UNIQUE INDEX "SIAMI"."AMI_UK1" ON "SIAMI"."AMI" ("TAHUN") 
  PCTFREE 10 INITRANS 2 MAXTRANS 255 COMPUTE STATISTICS 
  STORAGE(INITIAL 65536 NEXT 1048576 MINEXTENTS 1 MAXEXTENTS 2147483645
  PCTINCREASE 0 FREELISTS 1 FREELIST GROUPS 1 BUFFER_POOL DEFAULT FLASH_CACHE DEFAULT CELL_FLASH_CACHE DEFAULT)
  TABLESPACE "USERS" ;
--------------------------------------------------------
--  DDL for Index AUDITEE_PK
--------------------------------------------------------

  CREATE UNIQUE INDEX "SIAMI"."AUDITEE_PK" ON "SIAMI"."AUDITEE" ("USER_ID") 
  PCTFREE 10 INITRANS 2 MAXTRANS 255 COMPUTE STATISTICS 
  STORAGE(INITIAL 65536 NEXT 1048576 MINEXTENTS 1 MAXEXTENTS 2147483645
  PCTINCREASE 0 FREELISTS 1 FREELIST GROUPS 1 BUFFER_POOL DEFAULT FLASH_CACHE DEFAULT CELL_FLASH_CACHE DEFAULT)
  TABLESPACE "USERS" ;
--------------------------------------------------------
--  DDL for Index AUDITOR_PK
--------------------------------------------------------

  CREATE UNIQUE INDEX "SIAMI"."AUDITOR_PK" ON "SIAMI"."AUDITOR" ("USER_ID") 
  PCTFREE 10 INITRANS 2 MAXTRANS 255 COMPUTE STATISTICS 
  STORAGE(INITIAL 65536 NEXT 1048576 MINEXTENTS 1 MAXEXTENTS 2147483645
  PCTINCREASE 0 FREELISTS 1 FREELIST GROUPS 1 BUFFER_POOL DEFAULT FLASH_CACHE DEFAULT CELL_FLASH_CACHE DEFAULT)
  TABLESPACE "USERS" ;
--------------------------------------------------------
--  DDL for Index CHECKLIST_AUDITOR_PK
--------------------------------------------------------

  CREATE UNIQUE INDEX "SIAMI"."CHECKLIST_AUDITOR_PK" ON "SIAMI"."CHECKLIST_AUDITOR" ("ID") 
  PCTFREE 10 INITRANS 2 MAXTRANS 255 COMPUTE STATISTICS 
  STORAGE(INITIAL 65536 NEXT 1048576 MINEXTENTS 1 MAXEXTENTS 2147483645
  PCTINCREASE 0 FREELISTS 1 FREELIST GROUPS 1 BUFFER_POOL DEFAULT FLASH_CACHE DEFAULT CELL_FLASH_CACHE DEFAULT)
  TABLESPACE "USERS" ;
--------------------------------------------------------
--  DDL for Index CHECKLIST_HAS_KRITERIA_PK
--------------------------------------------------------

  CREATE UNIQUE INDEX "SIAMI"."CHECKLIST_HAS_KRITERIA_PK" ON "SIAMI"."CHECKLIST_HAS_KRITERIA" ("ID") 
  PCTFREE 10 INITRANS 2 MAXTRANS 255 COMPUTE STATISTICS 
  STORAGE(INITIAL 65536 NEXT 1048576 MINEXTENTS 1 MAXEXTENTS 2147483645
  PCTINCREASE 0 FREELISTS 1 FREELIST GROUPS 1 BUFFER_POOL DEFAULT FLASH_CACHE DEFAULT CELL_FLASH_CACHE DEFAULT)
  TABLESPACE "USERS" ;
--------------------------------------------------------
--  DDL for Index CHECKLIST_PK
--------------------------------------------------------

  CREATE UNIQUE INDEX "SIAMI"."CHECKLIST_PK" ON "SIAMI"."CHECKLIST" ("ID") 
  PCTFREE 10 INITRANS 2 MAXTRANS 255 COMPUTE STATISTICS 
  STORAGE(INITIAL 65536 NEXT 1048576 MINEXTENTS 1 MAXEXTENTS 2147483645
  PCTINCREASE 0 FREELISTS 1 FREELIST GROUPS 1 BUFFER_POOL DEFAULT FLASH_CACHE DEFAULT CELL_FLASH_CACHE DEFAULT)
  TABLESPACE "USERS" ;
--------------------------------------------------------
--  DDL for Index KRITERIA_PK
--------------------------------------------------------

  CREATE UNIQUE INDEX "SIAMI"."KRITERIA_PK" ON "SIAMI"."KRITERIA" ("ID") 
  PCTFREE 10 INITRANS 2 MAXTRANS 255 COMPUTE STATISTICS 
  STORAGE(INITIAL 65536 NEXT 1048576 MINEXTENTS 1 MAXEXTENTS 2147483645
  PCTINCREASE 0 FREELISTS 1 FREELIST GROUPS 1 BUFFER_POOL DEFAULT FLASH_CACHE DEFAULT CELL_FLASH_CACHE DEFAULT)
  TABLESPACE "USERS" ;
--------------------------------------------------------
--  DDL for Index ROLE_PK
--------------------------------------------------------

  CREATE UNIQUE INDEX "SIAMI"."ROLE_PK" ON "SIAMI"."ROLE" ("ID") 
  PCTFREE 10 INITRANS 2 MAXTRANS 255 COMPUTE STATISTICS 
  STORAGE(INITIAL 65536 NEXT 1048576 MINEXTENTS 1 MAXEXTENTS 2147483645
  PCTINCREASE 0 FREELISTS 1 FREELIST GROUPS 1 BUFFER_POOL DEFAULT FLASH_CACHE DEFAULT CELL_FLASH_CACHE DEFAULT)
  TABLESPACE "USERS" ;
--------------------------------------------------------
--  DDL for Index SPM_PK
--------------------------------------------------------

  CREATE UNIQUE INDEX "SIAMI"."SPM_PK" ON "SIAMI"."SPM" ("USER_ID") 
  PCTFREE 10 INITRANS 2 MAXTRANS 255 COMPUTE STATISTICS 
  STORAGE(INITIAL 65536 NEXT 1048576 MINEXTENTS 1 MAXEXTENTS 2147483645
  PCTINCREASE 0 FREELISTS 1 FREELIST GROUPS 1 BUFFER_POOL DEFAULT FLASH_CACHE DEFAULT CELL_FLASH_CACHE DEFAULT)
  TABLESPACE "USERS" ;
--------------------------------------------------------
--  DDL for Index STANDAR_PK
--------------------------------------------------------

  CREATE UNIQUE INDEX "SIAMI"."STANDAR_PK" ON "SIAMI"."STANDAR" ("ID") 
  PCTFREE 10 INITRANS 2 MAXTRANS 255 COMPUTE STATISTICS 
  STORAGE(INITIAL 65536 NEXT 1048576 MINEXTENTS 1 MAXEXTENTS 2147483645
  PCTINCREASE 0 FREELISTS 1 FREELIST GROUPS 1 BUFFER_POOL DEFAULT FLASH_CACHE DEFAULT CELL_FLASH_CACHE DEFAULT)
  TABLESPACE "USERS" ;
--------------------------------------------------------
--  DDL for Index STANDAR_UK1
--------------------------------------------------------

  CREATE UNIQUE INDEX "SIAMI"."STANDAR_UK1" ON "SIAMI"."STANDAR" ("KODE") 
  PCTFREE 10 INITRANS 2 MAXTRANS 255 COMPUTE STATISTICS 
  STORAGE(INITIAL 65536 NEXT 1048576 MINEXTENTS 1 MAXEXTENTS 2147483645
  PCTINCREASE 0 FREELISTS 1 FREELIST GROUPS 1 BUFFER_POOL DEFAULT FLASH_CACHE DEFAULT CELL_FLASH_CACHE DEFAULT)
  TABLESPACE "USERS" ;
--------------------------------------------------------
--  DDL for Index STATUS_PK
--------------------------------------------------------

  CREATE UNIQUE INDEX "SIAMI"."STATUS_PK" ON "SIAMI"."STATUS" ("ID") 
  PCTFREE 10 INITRANS 2 MAXTRANS 255 COMPUTE STATISTICS 
  STORAGE(INITIAL 65536 NEXT 1048576 MINEXTENTS 1 MAXEXTENTS 2147483645
  PCTINCREASE 0 FREELISTS 1 FREELIST GROUPS 1 BUFFER_POOL DEFAULT FLASH_CACHE DEFAULT CELL_FLASH_CACHE DEFAULT)
  TABLESPACE "USERS" ;
--------------------------------------------------------
--  DDL for Index USER_DETAILS_PK
--------------------------------------------------------

  CREATE UNIQUE INDEX "SIAMI"."USER_DETAILS_PK" ON "SIAMI"."USER_DETAILS" ("NET_ID") 
  PCTFREE 10 INITRANS 2 MAXTRANS 255 COMPUTE STATISTICS 
  STORAGE(INITIAL 65536 NEXT 1048576 MINEXTENTS 1 MAXEXTENTS 2147483645
  PCTINCREASE 0 FREELISTS 1 FREELIST GROUPS 1 BUFFER_POOL DEFAULT FLASH_CACHE DEFAULT CELL_FLASH_CACHE DEFAULT)
  TABLESPACE "USERS" ;
--------------------------------------------------------
--  DDL for Index USER_DETAILS_UK2
--------------------------------------------------------

  CREATE UNIQUE INDEX "SIAMI"."USER_DETAILS_UK2" ON "SIAMI"."USER_DETAILS" ("ID", "USER_TYPE") 
  PCTFREE 10 INITRANS 2 MAXTRANS 255 COMPUTE STATISTICS 
  STORAGE(INITIAL 65536 NEXT 1048576 MINEXTENTS 1 MAXEXTENTS 2147483645
  PCTINCREASE 0 FREELISTS 1 FREELIST GROUPS 1 BUFFER_POOL DEFAULT FLASH_CACHE DEFAULT CELL_FLASH_CACHE DEFAULT)
  TABLESPACE "USERS" ;
--------------------------------------------------------
--  DDL for Index UNIT_PK
--------------------------------------------------------

  CREATE UNIQUE INDEX "SIAMI"."UNIT_PK" ON "SIAMI"."AREA" ("ID") 
  PCTFREE 10 INITRANS 2 MAXTRANS 255 COMPUTE STATISTICS 
  STORAGE(INITIAL 65536 NEXT 1048576 MINEXTENTS 1 MAXEXTENTS 2147483645
  PCTINCREASE 0 FREELISTS 1 FREELIST GROUPS 1 BUFFER_POOL DEFAULT FLASH_CACHE DEFAULT CELL_FLASH_CACHE DEFAULT)
  TABLESPACE "USERS" ;
--------------------------------------------------------
--  DDL for Trigger AMI_TRG
--------------------------------------------------------

  CREATE OR REPLACE TRIGGER "SIAMI"."AMI_TRG" 
BEFORE INSERT ON AMI 
FOR EACH ROW 
BEGIN
  <<COLUMN_SEQUENCES>>
  BEGIN
    IF INSERTING AND :NEW.ID IS NULL THEN
      SELECT AMI_SEQ.NEXTVAL INTO :NEW.ID FROM SYS.DUAL;
    END IF;
  END COLUMN_SEQUENCES;
END;
/
ALTER TRIGGER "SIAMI"."AMI_TRG" ENABLE;
--------------------------------------------------------
--  DDL for Trigger AUDITOR_TRG
--------------------------------------------------------

  CREATE OR REPLACE TRIGGER "SIAMI"."AUDITOR_TRG" 
BEFORE INSERT ON AUDITOR 
FOR EACH ROW 
BEGIN
  <<COLUMN_SEQUENCES>>
  BEGIN
    IF INSERTING AND :NEW.USER_ID IS NULL THEN
      SELECT AUDITOR_SEQ.NEXTVAL INTO :NEW.USER_ID FROM SYS.DUAL;
    END IF;
  END COLUMN_SEQUENCES;
END;
/
ALTER TRIGGER "SIAMI"."AUDITOR_TRG" ENABLE;
--------------------------------------------------------
--  DDL for Trigger CHECKLIST_AUDITOR_TRG
--------------------------------------------------------

  CREATE OR REPLACE TRIGGER "SIAMI"."CHECKLIST_AUDITOR_TRG" 
BEFORE INSERT ON CHECKLIST_AUDITOR 
FOR EACH ROW 
BEGIN
  <<COLUMN_SEQUENCES>>
  BEGIN
    IF INSERTING AND :NEW.ID IS NULL THEN
      SELECT CHECKLIST_AUDITOR_SEQ.NEXTVAL INTO :NEW.ID FROM SYS.DUAL;
    END IF;
  END COLUMN_SEQUENCES;
END;
/
ALTER TRIGGER "SIAMI"."CHECKLIST_AUDITOR_TRG" ENABLE;
--------------------------------------------------------
--  DDL for Trigger CHECKLIST_HAS_KRITERIA_TRG
--------------------------------------------------------

  CREATE OR REPLACE TRIGGER "SIAMI"."CHECKLIST_HAS_KRITERIA_TRG" 
BEFORE INSERT ON CHECKLIST_HAS_KRITERIA 
FOR EACH ROW 
BEGIN
  <<COLUMN_SEQUENCES>>
  BEGIN
    IF INSERTING AND :NEW.ID IS NULL THEN
      SELECT CHECKLIST_HAS_KRITERIA_SEQ.NEXTVAL INTO :NEW.ID FROM SYS.DUAL;
    END IF;
  END COLUMN_SEQUENCES;
END;
/
ALTER TRIGGER "SIAMI"."CHECKLIST_HAS_KRITERIA_TRG" ENABLE;
--------------------------------------------------------
--  DDL for Trigger CHECKLIST_TRG
--------------------------------------------------------

  CREATE OR REPLACE TRIGGER "SIAMI"."CHECKLIST_TRG" 
BEFORE INSERT ON CHECKLIST 
FOR EACH ROW 
BEGIN
  <<COLUMN_SEQUENCES>>
  BEGIN
    IF INSERTING AND :NEW.ID IS NULL THEN
      SELECT CHECKLIST_SEQ.NEXTVAL INTO :NEW.ID FROM SYS.DUAL;
    END IF;
  END COLUMN_SEQUENCES;
END;
/
ALTER TRIGGER "SIAMI"."CHECKLIST_TRG" ENABLE;
--------------------------------------------------------
--  DDL for Trigger KRITERIA_TRG
--------------------------------------------------------

  CREATE OR REPLACE TRIGGER "SIAMI"."KRITERIA_TRG" 
BEFORE INSERT ON KRITERIA 
FOR EACH ROW 
BEGIN
  <<COLUMN_SEQUENCES>>
  BEGIN
    IF INSERTING AND :NEW.ID IS NULL THEN
      SELECT KRITERIA_SEQ.NEXTVAL INTO :NEW.ID FROM SYS.DUAL;
    END IF;
  END COLUMN_SEQUENCES;
END;

/
ALTER TRIGGER "SIAMI"."KRITERIA_TRG" ENABLE;
--------------------------------------------------------
--  DDL for Trigger ROLE_TRG
--------------------------------------------------------

  CREATE OR REPLACE TRIGGER "SIAMI"."ROLE_TRG" 
BEFORE INSERT ON ROLE 
FOR EACH ROW 
BEGIN
  <<COLUMN_SEQUENCES>>
  BEGIN
    IF INSERTING AND :NEW.ID IS NULL THEN
      SELECT ROLE_SEQ.NEXTVAL INTO :NEW.ID FROM SYS.DUAL;
    END IF;
  END COLUMN_SEQUENCES;
END;


/
ALTER TRIGGER "SIAMI"."ROLE_TRG" ENABLE;
--------------------------------------------------------
--  DDL for Trigger SPM_TRG
--------------------------------------------------------

  CREATE OR REPLACE TRIGGER "SIAMI"."SPM_TRG" 
BEFORE INSERT ON SPM 
FOR EACH ROW 
BEGIN
  <<COLUMN_SEQUENCES>>
  BEGIN
    IF INSERTING AND :NEW.USER_ID IS NULL THEN
      SELECT SPM_SEQ.NEXTVAL INTO :NEW.USER_ID FROM SYS.DUAL;
    END IF;
  END COLUMN_SEQUENCES;
END;
/
ALTER TRIGGER "SIAMI"."SPM_TRG" ENABLE;
--------------------------------------------------------
--  DDL for Trigger STANDAR_TRG
--------------------------------------------------------

  CREATE OR REPLACE TRIGGER "SIAMI"."STANDAR_TRG" 
BEFORE INSERT ON STANDAR 
FOR EACH ROW 
BEGIN
  <<COLUMN_SEQUENCES>>
  BEGIN
    IF INSERTING AND :NEW.ID IS NULL THEN
      SELECT STANDAR_SEQ.NEXTVAL INTO :NEW.ID FROM SYS.DUAL;
    END IF;
  END COLUMN_SEQUENCES;
END;

/
ALTER TRIGGER "SIAMI"."STANDAR_TRG" ENABLE;
--------------------------------------------------------
--  DDL for Trigger STATUS_TRG
--------------------------------------------------------

  CREATE OR REPLACE TRIGGER "SIAMI"."STATUS_TRG" 
BEFORE INSERT ON STATUS 
FOR EACH ROW 
BEGIN
  <<COLUMN_SEQUENCES>>
  BEGIN
    IF INSERTING AND :NEW.ID IS NULL THEN
      SELECT STATUS_SEQ.NEXTVAL INTO :NEW.ID FROM SYS.DUAL;
    END IF;
  END COLUMN_SEQUENCES;
END;


/
ALTER TRIGGER "SIAMI"."STATUS_TRG" ENABLE;
--------------------------------------------------------
--  DDL for Trigger USER_DETAILS_TRG
--------------------------------------------------------

  CREATE OR REPLACE TRIGGER "SIAMI"."USER_DETAILS_TRG" 
BEFORE INSERT ON USER_DETAILS 
FOR EACH ROW 
BEGIN
  <<COLUMN_SEQUENCES>>
  BEGIN
    IF INSERTING AND :NEW.ID IS NULL THEN
      SELECT USER_DETAILS_SEQ.NEXTVAL INTO :NEW.ID FROM SYS.DUAL;
    END IF;
  END COLUMN_SEQUENCES;
END;

/
ALTER TRIGGER "SIAMI"."USER_DETAILS_TRG" ENABLE;
--------------------------------------------------------
--  DDL for Trigger UNIT_TRG
--------------------------------------------------------

  CREATE OR REPLACE TRIGGER "SIAMI"."UNIT_TRG" 
BEFORE INSERT ON AREA 
FOR EACH ROW 
BEGIN
  <<COLUMN_SEQUENCES>>
  BEGIN
    NULL;
  END COLUMN_SEQUENCES;
END;
/
ALTER TRIGGER "SIAMI"."UNIT_TRG" ENABLE;
--------------------------------------------------------
--  DDL for Function CUSTOM_AUTH
--------------------------------------------------------

  CREATE OR REPLACE FUNCTION "SIAMI"."CUSTOM_AUTH" (p_username in VARCHAR2, p_password in VARCHAR2)
return BOOLEAN
is
  l_password varchar2(4000);
  l_stored_password varchar2(4000);
  l_expires_on date;
  l_count number;
begin
-- First, check to see if the user is in the user table
select count(*) into l_count from demo_users where user_name = p_username;
if l_count > 0 then
  -- First, we fetch the stored hashed password & expire date
  select password, expires_on into l_stored_password, l_expires_on
   from demo_users where user_name = p_username;

  -- Next, we check to see if the user's account is expired
  -- If it is, return FALSE
  if l_expires_on > sysdate or l_expires_on is null then

    -- If the account is not expired, we have to apply the custom hash
    -- function to the password
    l_password := custom_hash(p_username, p_password);

    -- Finally, we compare them to see if they are the same and return
    -- either TRUE or FALSE
    if l_password = l_stored_password then
      return true;
    else
      return false;
    end if;
  else
    return false;
  end if;
else
  -- The username provided is not in the DEMO_USERS table
  return false;
end if;
end;



/
--------------------------------------------------------
--  DDL for Function CUSTOM_HASH
--------------------------------------------------------

  CREATE OR REPLACE FUNCTION "SIAMI"."CUSTOM_HASH" (p_username in varchar2, p_password in varchar2)
return varchar2
is
  l_password varchar2(4000);
  l_salt varchar2(4000) := '61IWI9TPW1UA4X148VWYPJWDZDWZUG';
begin

-- This function should be wrapped, as the hash algorhythm is exposed here.
-- You can change the value of l_salt or the method of which to call the
-- DBMS_OBFUSCATOIN toolkit, but you much reset all of your passwords
-- if you choose to do this.

l_password := utl_raw.cast_to_raw(dbms_obfuscation_toolkit.md5
  (input_string => p_password || substr(l_salt,10,13) || p_username ||
    substr(l_salt, 4,10)));
return l_password;
end;



/
--------------------------------------------------------
--  Constraints for Table AMI
--------------------------------------------------------

  ALTER TABLE "SIAMI"."AMI" ADD CONSTRAINT "AMI_PK" PRIMARY KEY ("ID")
  USING INDEX PCTFREE 10 INITRANS 2 MAXTRANS 255 COMPUTE STATISTICS 
  STORAGE(INITIAL 65536 NEXT 1048576 MINEXTENTS 1 MAXEXTENTS 2147483645
  PCTINCREASE 0 FREELISTS 1 FREELIST GROUPS 1 BUFFER_POOL DEFAULT FLASH_CACHE DEFAULT CELL_FLASH_CACHE DEFAULT)
  TABLESPACE "USERS"  ENABLE;
  ALTER TABLE "SIAMI"."AMI" MODIFY ("ID" NOT NULL ENABLE);
  ALTER TABLE "SIAMI"."AMI" ADD CONSTRAINT "AMI_UK1" UNIQUE ("TAHUN")
  USING INDEX PCTFREE 10 INITRANS 2 MAXTRANS 255 COMPUTE STATISTICS 
  STORAGE(INITIAL 65536 NEXT 1048576 MINEXTENTS 1 MAXEXTENTS 2147483645
  PCTINCREASE 0 FREELISTS 1 FREELIST GROUPS 1 BUFFER_POOL DEFAULT FLASH_CACHE DEFAULT CELL_FLASH_CACHE DEFAULT)
  TABLESPACE "USERS"  ENABLE;
  ALTER TABLE "SIAMI"."AMI" MODIFY ("CREATED_AT" NOT NULL ENABLE);
  ALTER TABLE "SIAMI"."AMI" MODIFY ("UPDATED_AT" NOT NULL ENABLE);
--------------------------------------------------------
--  Constraints for Table AREA
--------------------------------------------------------

  ALTER TABLE "SIAMI"."AREA" MODIFY ("UPDATED_AT" NOT NULL ENABLE);
  ALTER TABLE "SIAMI"."AREA" ADD CONSTRAINT "AREA_PK" PRIMARY KEY ("ID")
  USING INDEX PCTFREE 10 INITRANS 2 MAXTRANS 255 COMPUTE STATISTICS 
  STORAGE(INITIAL 65536 NEXT 1048576 MINEXTENTS 1 MAXEXTENTS 2147483645
  PCTINCREASE 0 FREELISTS 1 FREELIST GROUPS 1 BUFFER_POOL DEFAULT FLASH_CACHE DEFAULT CELL_FLASH_CACHE DEFAULT)
  TABLESPACE "USERS"  ENABLE;
  ALTER TABLE "SIAMI"."AREA" MODIFY ("ID" NOT NULL ENABLE);
--------------------------------------------------------
--  Constraints for Table AUDITEE
--------------------------------------------------------

  ALTER TABLE "SIAMI"."AUDITEE" ADD CONSTRAINT "CHECK_USER_TYPE_3" CHECK ("USER_TYPE" = 3) ENABLE;
  ALTER TABLE "SIAMI"."AUDITEE" ADD CONSTRAINT "AUDITEE_PK" PRIMARY KEY ("USER_ID")
  USING INDEX PCTFREE 10 INITRANS 2 MAXTRANS 255 COMPUTE STATISTICS 
  STORAGE(INITIAL 65536 NEXT 1048576 MINEXTENTS 1 MAXEXTENTS 2147483645
  PCTINCREASE 0 FREELISTS 1 FREELIST GROUPS 1 BUFFER_POOL DEFAULT FLASH_CACHE DEFAULT CELL_FLASH_CACHE DEFAULT)
  TABLESPACE "USERS"  ENABLE;
  ALTER TABLE "SIAMI"."AUDITEE" MODIFY ("USER_ID" NOT NULL ENABLE);
  ALTER TABLE "SIAMI"."AUDITEE" MODIFY ("CREATED_AT" NOT NULL ENABLE);
  ALTER TABLE "SIAMI"."AUDITEE" MODIFY ("UPDATED_AT" NOT NULL ENABLE);
--------------------------------------------------------
--  Constraints for Table AUDITOR
--------------------------------------------------------

  ALTER TABLE "SIAMI"."AUDITOR" ADD CONSTRAINT "AUDITOR_PK" PRIMARY KEY ("USER_ID")
  USING INDEX PCTFREE 10 INITRANS 2 MAXTRANS 255 COMPUTE STATISTICS 
  STORAGE(INITIAL 65536 NEXT 1048576 MINEXTENTS 1 MAXEXTENTS 2147483645
  PCTINCREASE 0 FREELISTS 1 FREELIST GROUPS 1 BUFFER_POOL DEFAULT FLASH_CACHE DEFAULT CELL_FLASH_CACHE DEFAULT)
  TABLESPACE "USERS"  ENABLE;
  ALTER TABLE "SIAMI"."AUDITOR" MODIFY ("USER_ID" NOT NULL ENABLE);
  ALTER TABLE "SIAMI"."AUDITOR" ADD CONSTRAINT "AUDITOR_CHK_2" CHECK ("USER_TYPE" = 2) ENABLE;
  ALTER TABLE "SIAMI"."AUDITOR" MODIFY ("CREATED_AT" NOT NULL ENABLE);
  ALTER TABLE "SIAMI"."AUDITOR" MODIFY ("UPDATED_AT" NOT NULL ENABLE);
--------------------------------------------------------
--  Constraints for Table CHECKLIST
--------------------------------------------------------

  ALTER TABLE "SIAMI"."CHECKLIST" MODIFY ("ID" NOT NULL ENABLE);
  ALTER TABLE "SIAMI"."CHECKLIST" ADD CONSTRAINT "CHECKLIST_PK" PRIMARY KEY ("ID")
  USING INDEX PCTFREE 10 INITRANS 2 MAXTRANS 255 COMPUTE STATISTICS 
  STORAGE(INITIAL 65536 NEXT 1048576 MINEXTENTS 1 MAXEXTENTS 2147483645
  PCTINCREASE 0 FREELISTS 1 FREELIST GROUPS 1 BUFFER_POOL DEFAULT FLASH_CACHE DEFAULT CELL_FLASH_CACHE DEFAULT)
  TABLESPACE "USERS"  ENABLE;
  ALTER TABLE "SIAMI"."CHECKLIST" MODIFY ("CREATED_AT" NOT NULL ENABLE);
  ALTER TABLE "SIAMI"."CHECKLIST" MODIFY ("UPDATED_AT" NOT NULL ENABLE);
  ALTER TABLE "SIAMI"."CHECKLIST" MODIFY ("AUDITEE_ID" NOT NULL ENABLE);
--------------------------------------------------------
--  Constraints for Table CHECKLIST_AUDITOR
--------------------------------------------------------

  ALTER TABLE "SIAMI"."CHECKLIST_AUDITOR" MODIFY ("CREATED_AT" NOT NULL ENABLE);
  ALTER TABLE "SIAMI"."CHECKLIST_AUDITOR" MODIFY ("UPDATED_AT" NOT NULL ENABLE);
  ALTER TABLE "SIAMI"."CHECKLIST_AUDITOR" MODIFY ("ID" NOT NULL ENABLE);
  ALTER TABLE "SIAMI"."CHECKLIST_AUDITOR" ADD CONSTRAINT "CHECKLIST_AUDITOR_PK" PRIMARY KEY ("ID")
  USING INDEX PCTFREE 10 INITRANS 2 MAXTRANS 255 COMPUTE STATISTICS 
  STORAGE(INITIAL 65536 NEXT 1048576 MINEXTENTS 1 MAXEXTENTS 2147483645
  PCTINCREASE 0 FREELISTS 1 FREELIST GROUPS 1 BUFFER_POOL DEFAULT FLASH_CACHE DEFAULT CELL_FLASH_CACHE DEFAULT)
  TABLESPACE "USERS"  ENABLE;
--------------------------------------------------------
--  Constraints for Table CHECKLIST_HAS_KRITERIA
--------------------------------------------------------

  ALTER TABLE "SIAMI"."CHECKLIST_HAS_KRITERIA" MODIFY ("ID" NOT NULL ENABLE);
  ALTER TABLE "SIAMI"."CHECKLIST_HAS_KRITERIA" MODIFY ("CREATED_AT" NOT NULL ENABLE);
  ALTER TABLE "SIAMI"."CHECKLIST_HAS_KRITERIA" MODIFY ("UPDATED_AT" NOT NULL ENABLE);
  ALTER TABLE "SIAMI"."CHECKLIST_HAS_KRITERIA" ADD CONSTRAINT "CHECKLIST_HAS_KRITERIA_PK" PRIMARY KEY ("ID")
  USING INDEX PCTFREE 10 INITRANS 2 MAXTRANS 255 COMPUTE STATISTICS 
  STORAGE(INITIAL 65536 NEXT 1048576 MINEXTENTS 1 MAXEXTENTS 2147483645
  PCTINCREASE 0 FREELISTS 1 FREELIST GROUPS 1 BUFFER_POOL DEFAULT FLASH_CACHE DEFAULT CELL_FLASH_CACHE DEFAULT)
  TABLESPACE "USERS"  ENABLE;
--------------------------------------------------------
--  Constraints for Table KRITERIA
--------------------------------------------------------

  ALTER TABLE "SIAMI"."KRITERIA" ADD CONSTRAINT "KRITERIA_PK" PRIMARY KEY ("ID")
  USING INDEX PCTFREE 10 INITRANS 2 MAXTRANS 255 COMPUTE STATISTICS 
  STORAGE(INITIAL 65536 NEXT 1048576 MINEXTENTS 1 MAXEXTENTS 2147483645
  PCTINCREASE 0 FREELISTS 1 FREELIST GROUPS 1 BUFFER_POOL DEFAULT FLASH_CACHE DEFAULT CELL_FLASH_CACHE DEFAULT)
  TABLESPACE "USERS"  ENABLE;
  ALTER TABLE "SIAMI"."KRITERIA" MODIFY ("ID" NOT NULL ENABLE);
  ALTER TABLE "SIAMI"."KRITERIA" ADD CONSTRAINT "KRITERIA_UK1" UNIQUE ("KODE") DISABLE;
  ALTER TABLE "SIAMI"."KRITERIA" MODIFY ("CREATED_AT" NOT NULL ENABLE);
  ALTER TABLE "SIAMI"."KRITERIA" MODIFY ("UPDATED_AT" NOT NULL ENABLE);
--------------------------------------------------------
--  Constraints for Table ROLE
--------------------------------------------------------

  ALTER TABLE "SIAMI"."ROLE" ADD CONSTRAINT "ROLE_PK" PRIMARY KEY ("ID")
  USING INDEX PCTFREE 10 INITRANS 2 MAXTRANS 255 COMPUTE STATISTICS 
  STORAGE(INITIAL 65536 NEXT 1048576 MINEXTENTS 1 MAXEXTENTS 2147483645
  PCTINCREASE 0 FREELISTS 1 FREELIST GROUPS 1 BUFFER_POOL DEFAULT FLASH_CACHE DEFAULT CELL_FLASH_CACHE DEFAULT)
  TABLESPACE "USERS"  ENABLE;
  ALTER TABLE "SIAMI"."ROLE" MODIFY ("ID" NOT NULL ENABLE);
  ALTER TABLE "SIAMI"."ROLE" MODIFY ("CREATED_AT" NOT NULL ENABLE);
  ALTER TABLE "SIAMI"."ROLE" MODIFY ("UPDATED_AT" NOT NULL ENABLE);
--------------------------------------------------------
--  Constraints for Table SPM
--------------------------------------------------------

  ALTER TABLE "SIAMI"."SPM" ADD CONSTRAINT "CHECK_USER_TYPE_1" CHECK ("USER_TYPE" = 1) ENABLE;
  ALTER TABLE "SIAMI"."SPM" ADD CONSTRAINT "SPM_PK" PRIMARY KEY ("USER_ID")
  USING INDEX PCTFREE 10 INITRANS 2 MAXTRANS 255 COMPUTE STATISTICS 
  STORAGE(INITIAL 65536 NEXT 1048576 MINEXTENTS 1 MAXEXTENTS 2147483645
  PCTINCREASE 0 FREELISTS 1 FREELIST GROUPS 1 BUFFER_POOL DEFAULT FLASH_CACHE DEFAULT CELL_FLASH_CACHE DEFAULT)
  TABLESPACE "USERS"  ENABLE;
  ALTER TABLE "SIAMI"."SPM" MODIFY ("USER_ID" NOT NULL ENABLE);
  ALTER TABLE "SIAMI"."SPM" MODIFY ("CREATED_AT" NOT NULL ENABLE);
  ALTER TABLE "SIAMI"."SPM" MODIFY ("UPDATED_AT" NOT NULL ENABLE);
--------------------------------------------------------
--  Constraints for Table STANDAR
--------------------------------------------------------

  ALTER TABLE "SIAMI"."STANDAR" ADD CONSTRAINT "STANDAR_UK1" UNIQUE ("KODE")
  USING INDEX PCTFREE 10 INITRANS 2 MAXTRANS 255 COMPUTE STATISTICS 
  STORAGE(INITIAL 65536 NEXT 1048576 MINEXTENTS 1 MAXEXTENTS 2147483645
  PCTINCREASE 0 FREELISTS 1 FREELIST GROUPS 1 BUFFER_POOL DEFAULT FLASH_CACHE DEFAULT CELL_FLASH_CACHE DEFAULT)
  TABLESPACE "USERS"  ENABLE;
  ALTER TABLE "SIAMI"."STANDAR" ADD CONSTRAINT "STANDAR_PK" PRIMARY KEY ("ID")
  USING INDEX PCTFREE 10 INITRANS 2 MAXTRANS 255 COMPUTE STATISTICS 
  STORAGE(INITIAL 65536 NEXT 1048576 MINEXTENTS 1 MAXEXTENTS 2147483645
  PCTINCREASE 0 FREELISTS 1 FREELIST GROUPS 1 BUFFER_POOL DEFAULT FLASH_CACHE DEFAULT CELL_FLASH_CACHE DEFAULT)
  TABLESPACE "USERS"  ENABLE;
  ALTER TABLE "SIAMI"."STANDAR" MODIFY ("ID" NOT NULL ENABLE);
  ALTER TABLE "SIAMI"."STANDAR" MODIFY ("CREATED_AT" NOT NULL ENABLE);
  ALTER TABLE "SIAMI"."STANDAR" MODIFY ("UPDATED_AT" NOT NULL ENABLE);
--------------------------------------------------------
--  Constraints for Table STATUS
--------------------------------------------------------

  ALTER TABLE "SIAMI"."STATUS" ADD CONSTRAINT "STATUS_PK" PRIMARY KEY ("ID")
  USING INDEX PCTFREE 10 INITRANS 2 MAXTRANS 255 COMPUTE STATISTICS 
  STORAGE(INITIAL 65536 NEXT 1048576 MINEXTENTS 1 MAXEXTENTS 2147483645
  PCTINCREASE 0 FREELISTS 1 FREELIST GROUPS 1 BUFFER_POOL DEFAULT FLASH_CACHE DEFAULT CELL_FLASH_CACHE DEFAULT)
  TABLESPACE "USERS"  ENABLE;
  ALTER TABLE "SIAMI"."STATUS" MODIFY ("ID" NOT NULL ENABLE);
  ALTER TABLE "SIAMI"."STATUS" MODIFY ("CREATED_AT" NOT NULL ENABLE);
  ALTER TABLE "SIAMI"."STATUS" MODIFY ("UPDATED_AT" NOT NULL ENABLE);
--------------------------------------------------------
--  Constraints for Table USER_DETAILS
--------------------------------------------------------

  ALTER TABLE "SIAMI"."USER_DETAILS" ADD CONSTRAINT "USER_DETAILS_UK1" UNIQUE ("ID", "USER_TYPE")
  USING INDEX PCTFREE 10 INITRANS 2 MAXTRANS 255 COMPUTE STATISTICS 
  STORAGE(INITIAL 65536 NEXT 1048576 MINEXTENTS 1 MAXEXTENTS 2147483645
  PCTINCREASE 0 FREELISTS 1 FREELIST GROUPS 1 BUFFER_POOL DEFAULT FLASH_CACHE DEFAULT CELL_FLASH_CACHE DEFAULT)
  TABLESPACE "USERS"  ENABLE;
  ALTER TABLE "SIAMI"."USER_DETAILS" ADD CONSTRAINT "USER_DETAILS_PK" PRIMARY KEY ("NET_ID")
  USING INDEX PCTFREE 10 INITRANS 2 MAXTRANS 255 COMPUTE STATISTICS 
  STORAGE(INITIAL 65536 NEXT 1048576 MINEXTENTS 1 MAXEXTENTS 2147483645
  PCTINCREASE 0 FREELISTS 1 FREELIST GROUPS 1 BUFFER_POOL DEFAULT FLASH_CACHE DEFAULT CELL_FLASH_CACHE DEFAULT)
  TABLESPACE "USERS"  ENABLE;
  ALTER TABLE "SIAMI"."USER_DETAILS" MODIFY ("TAHUN" NOT NULL ENABLE);
  ALTER TABLE "SIAMI"."USER_DETAILS" MODIFY ("JABATAN" NOT NULL ENABLE);
  ALTER TABLE "SIAMI"."USER_DETAILS" MODIFY ("TELP" NOT NULL ENABLE);
  ALTER TABLE "SIAMI"."USER_DETAILS" MODIFY ("NET_ID" NOT NULL ENABLE);
  ALTER TABLE "SIAMI"."USER_DETAILS" MODIFY ("ID" NOT NULL ENABLE);
  ALTER TABLE "SIAMI"."USER_DETAILS" MODIFY ("CREATED_AT" NOT NULL ENABLE);
  ALTER TABLE "SIAMI"."USER_DETAILS" MODIFY ("UPDATED_AT" NOT NULL ENABLE);
--------------------------------------------------------
--  Ref Constraints for Table AMI
--------------------------------------------------------

  ALTER TABLE "SIAMI"."AMI" ADD CONSTRAINT "AMI_FK1" FOREIGN KEY ("SPM_ID")
	  REFERENCES "SIAMI"."SPM" ("USER_ID") ENABLE;
--------------------------------------------------------
--  Ref Constraints for Table AUDITEE
--------------------------------------------------------

  ALTER TABLE "SIAMI"."AUDITEE" ADD CONSTRAINT "AUDITEE_FK1" FOREIGN KEY ("USER_ID", "USER_TYPE")
	  REFERENCES "SIAMI"."USER_DETAILS" ("ID", "USER_TYPE") ENABLE;
--------------------------------------------------------
--  Ref Constraints for Table AUDITOR
--------------------------------------------------------

  ALTER TABLE "SIAMI"."AUDITOR" ADD CONSTRAINT "AUDITOR_FK1" FOREIGN KEY ("USER_ID", "USER_TYPE")
	  REFERENCES "SIAMI"."USER_DETAILS" ("ID", "USER_TYPE") ENABLE;
--------------------------------------------------------
--  Ref Constraints for Table CHECKLIST
--------------------------------------------------------

  ALTER TABLE "SIAMI"."CHECKLIST" ADD CONSTRAINT "CHECKLIST_FK1" FOREIGN KEY ("AMI_ID")
	  REFERENCES "SIAMI"."AMI" ("ID") ENABLE;
  ALTER TABLE "SIAMI"."CHECKLIST" ADD CONSTRAINT "CHECKLIST_FK2" FOREIGN KEY ("STATUS_ID")
	  REFERENCES "SIAMI"."STATUS" ("ID") ENABLE;
  ALTER TABLE "SIAMI"."CHECKLIST" ADD CONSTRAINT "CHECKLIST_FK3" FOREIGN KEY ("AREA_ID")
	  REFERENCES "SIAMI"."AREA" ("ID") ENABLE;
  ALTER TABLE "SIAMI"."CHECKLIST" ADD CONSTRAINT "CHECKLIST_FK4" FOREIGN KEY ("AUDITEE_ID")
	  REFERENCES "SIAMI"."AUDITEE" ("USER_ID") ENABLE;
  ALTER TABLE "SIAMI"."CHECKLIST" ADD CONSTRAINT "CHECKLIST_FK5" FOREIGN KEY ("AUDITEE2_ID")
	  REFERENCES "SIAMI"."AUDITEE" ("USER_ID") ENABLE;
--------------------------------------------------------
--  Ref Constraints for Table CHECKLIST_AUDITOR
--------------------------------------------------------

  ALTER TABLE "SIAMI"."CHECKLIST_AUDITOR" ADD CONSTRAINT "CHECKLIST_AUDITOR_FK1" FOREIGN KEY ("CHECKLIST_KRITERIA_ID")
	  REFERENCES "SIAMI"."CHECKLIST_HAS_KRITERIA" ("ID") ENABLE;
  ALTER TABLE "SIAMI"."CHECKLIST_AUDITOR" ADD CONSTRAINT "CHECKLIST_AUDITOR_FK2" FOREIGN KEY ("AUDITOR_ID")
	  REFERENCES "SIAMI"."AUDITOR" ("USER_ID") ENABLE;
--------------------------------------------------------
--  Ref Constraints for Table CHECKLIST_HAS_KRITERIA
--------------------------------------------------------

  ALTER TABLE "SIAMI"."CHECKLIST_HAS_KRITERIA" ADD CONSTRAINT "CHECKLIST_HAS_KRITERIA_FK2" FOREIGN KEY ("KRITERIA_ID")
	  REFERENCES "SIAMI"."KRITERIA" ("ID") ENABLE;
--------------------------------------------------------
--  Ref Constraints for Table KRITERIA
--------------------------------------------------------

  ALTER TABLE "SIAMI"."KRITERIA" ADD CONSTRAINT "KRITERIA_FK1" FOREIGN KEY ("STANDAR_ID")
	  REFERENCES "SIAMI"."STANDAR" ("ID") ENABLE;
--------------------------------------------------------
--  Ref Constraints for Table SPM
--------------------------------------------------------

  ALTER TABLE "SIAMI"."SPM" ADD CONSTRAINT "SPM_FK1" FOREIGN KEY ("USER_ID", "USER_TYPE")
	  REFERENCES "SIAMI"."USER_DETAILS" ("ID", "USER_TYPE") ENABLE;
--------------------------------------------------------
--  Ref Constraints for Table USER_DETAILS
--------------------------------------------------------

  ALTER TABLE "SIAMI"."USER_DETAILS" ADD CONSTRAINT "USER_DETAILS_FK1" FOREIGN KEY ("ROLE_ID")
	  REFERENCES "SIAMI"."ROLE" ("ID") ENABLE;
